0.49427,2.1327,-1.6128,-0.20046,-0.21739,-0.18088,0.4409,0.21768,0.28488,0.056673,-0.14906,-0.077106,1.7282,-0.66757,-1.174,0.062509,-0.74534,-1.325,-1.3709,0.32338,-0.78565,-0.26533,-0.43166,-0.60299,-0.78027,-0.83156,-1.0656,-1.3824,-1.9391,1
1.297,-0.49538,-0.60745,-0.3535,1.1408,-1.5179,0.61569,0.16006,0.90193,-2.5943,0.062868,0.64154,-1.2288,2.2767,2.2936,0.26484,0.68522,1.665,2.7234,0.54519,0.81796,-0.064814,-0.048664,-0.59183,-0.15164,-0.69073,-0.4029,0.66915,-0.24376,1
-0.76834,-0.41653,-0.39373,-0.44869,1.5001,-1.6048,1.9113,-0.89756,-0.60918,1.479,-1.1893,0.70341,-0.31619,0.97002,1.1456,-0.75987,-0.98407,0.99704,-0.31141,-0.87208,-1.018,-0.3571,-0.47781,-0.48169,0.035345,0.14443,1.4711,1.0812,0.65177,1
1.1388,-1.8681,0.94012,0.58707,0.18898,0.60851,-0.41312,0.1741,0.24034,-1.0732,0.3843,-0.58997,0.039577,-0.90195,0.19683,-0.13908,-0.74319,-0.1215,-1.2301,0.13284,-0.37257,-0.27239,-0.44141,0.59113,-0.53782,2.6389,0.70177,0.058525,-0.47201,1
0.1678,-0.015236,-1.2179,-0.93173,1.5695,-1.6359,1.5676,-0.14917,-0.52764,0.64104,0.67969,-0.91763,-0.1295,-1.3491,-1.49,-0.20932,-0.99464,0.054182,-0.71716,-0.40905,-0.99152,-0.28132,-0.4733,2.0759,0.50654,3.0455,-0.87871,0.59025,0.50873,1
2.6339,0.18741,-0.99294,-0.83174,1.5772,-1.7733,1.484,-0.065305,-0.26319,0.49628,0.39305,-1.2304,-0.20398,0.12363,-0.092799,1.9412,0.88377,0.6391,-0.91719,4.3579,0.5833,0.92378,0.99328,-0.043975,-0.42416,1.1795,0.85308,0.81569,0.43522,1
2.2185,-1.3493,-1.1549,2.3521,-1.1629,0.69804,0.54539,-0.53137,-1.4168,1.2575,0.044173,0.35129,-0.64221,2.198,-0.66185,0.18407,-0.18727,1.1465,-0.9914,1.0185,0.26121,-0.22008,-0.32459,-0.80755,-0.94962,-0.87507,-1.1099,0.079997,-1.0273,1
-0.78344,-0.67932,-0.4731,-0.5984,1.4035,-1.7029,1.9908,-0.84349,-0.52845,1.4271,-1.2641,0.62717,-0.19582,1.5809,1.7172,-0.79135,-1.0227,1.4561,-0.84886,-0.92598,-1.1133,-0.35792,-0.47802,-0.54292,-0.066709,0.28961,1.9558,1.2499,0.59756,1
-0.8409,-0.76295,-0.55419,-0.60437,1.3964,-1.6979,1.9373,-0.96625,-0.71904,1.4439,-1.2845,0.67683,-0.27873,2.673,-0.65653,-0.80722,-1.0547,1.6995,-1.3499,-0.93792,-1.1065,-0.35836,-0.47978,-1.058,-1.0442,-0.99948,-0.93937,1.3067,0.44672,1
0.53595,0.23552,-1.083,-1.0358,1.4999,-1.6313,1.7167,0.082419,-0.053527,0.66877,0.647,-1.2249,-0.39058,-1.1249,-0.86601,-0.17149,-0.86803,0.15398,-0.84704,-0.1562,-0.93257,-0.27504,-0.45647,1.0639,-0.33749,2.5723,0.056228,0.55736,0.36494,1
0.54172,0.01874,-1.3009,-1.0445,1.5894,-1.6075,1.5924,-0.16749,-0.41798,0.61707,0.76549,-0.95576,-0.10188,-1.2666,-1.2588,-0.19274,-0.96476,0.31554,-1.0752,-0.22614,-1.0081,-0.27999,-0.47051,1.2775,-0.67911,2.8389,-0.66357,0.67948,0.48224,1
0.51724,0.046327,-1.2225,-0.98745,1.5641,-1.6162,1.6056,-0.10855,-0.41887,0.61197,0.94976,-0.64669,0.1689,-1.2625,-1.2666,-0.19567,-0.93809,0.29563,-0.85666,-0.22644,-0.99626,-0.2805,-0.46786,1.2479,-0.62915,2.811,-0.39643,0.67722,0.50155,1
2.4382,0.22447,-1.0691,-0.99849,1.5872,-1.5757,1.5673,-0.095347,-0.2064,0.47035,0.64861,-1.16,0.13274,-0.34233,0.13875,1.9219,0.16705,0.42047,-0.65626,3.8428,0.47777,0.85932,0.10299,0.2793,0.027881,1.6426,0.89386,0.63582,0.31127,1
-0.66987,0.097755,0.095172,-0.28766,1.5232,-1.6606,1.8032,-0.91089,-0.6063,1.2406,-1.1997,0.57979,-0.48654,0.19074,0.15562,-0.71286,-0.9785,0.36218,-0.70678,-0.80341,-1.0485,-0.3559,-0.47482,-0.44248,-0.40581,-0.072912,0.35839,0.79357,0.60354,1
2.4167,0.17931,-1.1965,-1.116,1.4922,-1.641,1.621,0.00061448,0.1463,0.94877,0.75372,-1.3557,-0.40649,-0.46586,-0.4437,1.865,0.032916,0.48555,-0.89516,3.7248,0.44517,0.8082,0.033316,0.30183,-0.6191,1.8134,0.62472,0.68738,0.32306,1
1.0421,-1.09,-1.4717,0.89788,-0.99556,0.60482,-0.9851,0.55809,-0.50192,0.5885,-1.7838,1.4181,-0.65029,1.2251,0.32682,-0.37217,-0.73842,0.67071,-0.69255,0.069917,-0.4113,-0.33457,-0.46439,-0.90737,-0.98408,-0.93315,-1.1251,0.22528,-0.32082,1
0.55355,0.17245,-1.1542,-1.0679,1.4766,-1.6623,1.6595,0.065406,-0.012528,0.86203,0.77536,-1.1639,-0.30996,-1.1399,-0.7284,-0.16179,-0.84305,0.20335,-1.1856,-0.16673,-0.94226,-0.27202,-0.43052,1.1449,-0.38586,2.6016,0.1185,0.60287,0.41024,1
0.93608,-1.8109,0.77092,0.64515,0.33372,0.47446,-0.63764,0.070987,0.4191,-1.2307,0.077932,-0.72679,0.21451,-0.89713,1.5157,-0.12046,-0.68564,-0.3003,-0.86888,0.04339,-0.26828,-0.26734,-0.43717,0.88106,-0.090632,2.528,1.5166,-0.05825,-0.55407,1
0.45394,-1.5384,0.51219,1.095,-0.8396,1.6301,-1.4211,1.028,-0.35925,0.18407,-0.47223,0.98943,-1.4638,2.0185,0.75041,-0.56256,0.0082098,1.6934,-0.30486,-0.43373,0.23735,-0.29054,0.036734,-0.88527,-0.7527,-0.70359,-0.27905,1.3372,0.87163,1
-0.72946,-0.8193,0.46774,1.2928,-0.75876,0.94143,-1.4223,0.81449,-1.6768,0.25041,-1.0498,1.3585,-1.7145,0.33244,1.2238,-0.70011,-0.84408,0.4504,-0.12259,-0.81359,-0.87097,-0.35335,-0.46658,-0.41037,-0.19565,-0.2051,0.37027,0.67444,0.65705,1
-1.0975,-1.1254,0.096033,0.78462,-0.58829,0.91824,-1.5325,1.4133,-1.6438,0.97938,-0.94746,1.0839,-1.4464,1.0027,-0.57403,-0.78132,-0.98833,0.9246,-0.6668,-0.90926,-1.0275,-0.35779,-0.47846,-0.89981,-0.893,-0.83441,-0.90939,1.1123,0.84866,1
0.99708,-1.782,0.83695,0.53809,-0.070428,0.44135,-0.34911,-0.011795,0.31672,-0.90965,0.21802,-0.46367,0.4618,-1.0525,-0.16387,-0.17633,-0.90562,-0.23591,-1.0306,0.056534,-0.59247,-0.2819,-0.46791,0.71738,-0.3861,2.7617,0.1959,-0.029264,-0.53526,1
2.3676,0.19293,-1.147,-1.0686,1.4852,-1.6956,1.6578,0.045145,0.0066635,0.92558,0.76657,-1.1406,-0.34815,-0.52147,-0.35495,1.8812,0.30608,0.45742,-0.90563,3.5617,0.18901,0.90636,0.49144,0.35141,-0.32003,1.8243,0.94317,0.71088,0.37276,1
1.0844,-1.7161,-0.69485,-0.156,-0.16719,0.18738,-0.28192,0.25684,-0.17275,-0.48741,0.19759,-0.07685,-0.015926,1.3826,-0.37673,-0.14634,0.55794,1.4557,0.039076,0.45664,1.4184,-0.18153,-0.0063507,-0.98844,-0.95015,-0.98327,-1.315,1.4035,1.1448,1
-0.92463,-1.0878,-0.45515,-0.40676,-0.9917,0.054285,-0.60242,0.25821,0.3672,-0.47645,0.1734,-0.48229,0.33964,0.39482,-0.19362,-0.66201,-0.42396,0.65573,-0.13145,-0.71818,-0.17626,-0.33423,-0.39375,-0.87225,-1.0334,-0.88251,-1.3412,0.70528,0.82549,1
-0.62923,-0.92004,-0.20649,0.57104,-0.56968,0.79615,-0.089754,0.08103,1.448,-0.8505,0.90517,-0.075951,0.51506,0.44481,1.6445,-0.66868,-0.65063,0.46134,0.90146,-0.71425,-0.52354,-0.34645,-0.4304,-0.63812,-0.30709,-0.45018,0.38096,0.32691,0.41599,1
-0.67305,-2.4911,0.71016,0.15833,-0.90065,0.70692,-0.39637,0.58153,-0.51004,0.20701,0.48367,-0.83562,0.4915,4.3657,0.21218,-0.71957,-0.6518,0.82822,-0.89354,-0.74406,-0.19565,-0.3499,-0.45752,-1.0872,-1.0539,-1.0422,-1.4087,0.1525,-1.2409,1
0.020308,0.14882,-1.1236,1.7077,-0.85416,1.3059,-1.2513,-1.3023,3.7786,-1.4462,0.79498,-1.9081,0.22412,-0.011998,1.6732,-0.29279,0.44072,-0.19339,1.5007,-0.21337,1.2546,-0.20816,0.097065,0.25674,1.0593,0.29564,1.7524,-0.19126,-0.51285,1
1.4871,-1.168,-0.20154,0.54471,-1.008,0.81952,-0.6608,-0.85347,0.72165,-1.0465,0.61322,-0.95979,0.18003,1.5032,2.6422,0.19681,0.84244,1.0585,1.4744,1.0989,1.631,-0.070493,0.1553,-0.85178,-0.7445,-0.86215,-0.78196,0.5396,0.50308,1
0.2754,-0.021305,0.071164,-0.62725,2.1378,-1.1759,1.783,-0.63728,1.1735,-0.13881,0.29446,-0.015923,0.51954,-0.02248,0.56409,-0.80852,-1.0386,1.2167,-0.39673,-1.0075,-1.1232,-0.35819,-0.47959,0.13215,0.19391,1.207,1.0151,1.3919,1.2182,1
-1.211,-1.7304,0.53533,-0.30043,0.51397,0.65578,-0.8738,-0.23564,0.92085,0.23001,0.55446,-0.72377,-0.58163,2.0217,3.5501,-0.40359,0.76405,3.0327,5.6306,-0.48715,1.1933,-0.16104,0.1495,-0.60989,-0.15655,-0.16381,0.99345,2.5854,2.4741,1
0.81026,-1.1347,0.04692,0.58731,-1.1739,0.95653,-0.81093,-0.0093943,0.93701,-1.3585,0.54637,-0.35449,-0.15163,1.4989,3.0948,0.28731,2.4658,1.0474,2.301,0.73296,3.6421,0.42332,1.4184,-0.82153,-0.48035,-0.86284,-0.65584,0.54813,0.10626,1
-2.3813,-0.46758,0.21517,-0.002267,-0.2012,1.6701,-1.7984,0.057895,0.28833,0.087968,0.0030966,0.075925,0.045358,-0.32596,-0.14737,-0.53621,0.18759,0.19297,-0.25952,-0.65947,0.31652,-0.26416,-0.18135,-0.40404,-0.18681,-0.38344,0.25584,0.59147,0.83172,1
0.44873,-1.6787,0.040261,1.317,-0.13784,0.68843,0.15905,-0.0072697,-0.34657,0.5899,0.11032,-0.058057,0.55645,0.44446,2.0834,-0.22208,0.25394,0.94819,0.57847,-0.064527,0.75349,-0.21935,-0.16344,0.075521,1.3633,0.59527,2.6523,0.66375,0.51046,1
-0.80129,-1.8672,0.017138,0.066066,0.064971,-0.021534,0.093868,0.7207,-0.35018,0.29601,-0.096683,-0.22481,-0.26651,1.8266,1.7419,-0.7375,-0.44489,2.198,1.1248,-0.81809,-0.10139,-0.33843,-0.32212,-0.87087,-0.8201,-0.6886,-0.20417,2.2447,2.0127,1
-0.92365,-2.5788,0.53338,1.1627,-0.85801,0.58045,0.19869,-0.19691,-0.11153,-0.15795,-0.37167,0.026979,0.095436,2.9543,0.61364,-0.7661,-0.80557,2.5564,0.60018,-0.91331,-0.83235,-0.35425,-0.46485,-0.98311,-0.69129,-0.96944,-1.0242,1.653,0.36476,1
-1.1656,-1.8443,-0.66355,1.34,-0.55474,0.65171,-1.011,1.0021,-1.3972,1.0988,-1.1681,0.74177,-0.2652,2.0433,0.22843,-0.66368,-0.35798,1.5909,0.038995,-0.76878,-0.16257,-0.32911,-0.38327,-0.99135,-0.76879,-1.0057,-1.1592,1.0694,0.10902,1
-0.78961,-1.1486,-0.8696,1.167,-1.7004,0.94622,-1.0502,0.28313,-0.50473,0.75245,-1.2518,0.75878,0.69344,1.4839,1.1275,-0.66983,-0.23835,1.2297,0.45081,-0.77135,-0.024379,-0.31966,-0.24902,-0.75426,-0.71889,-0.77275,-0.73526,0.61195,-0.034555,1
0.7152,-0.57534,-0.48053,1.9714,-1.0089,0.9395,-0.44137,0.025776,-0.94643,-0.020571,-1.1657,0.097769,0.030218,0.83854,1.9144,-0.14076,0.2899,0.41688,0.66461,0.26206,1.1472,-0.21979,-0.22131,-0.71088,-0.86348,-0.72265,-0.89838,0.07975,-0.41232,1
-0.93425,-0.63735,-0.68789,-0.76303,0.44077,0.37625,-0.36325,-0.24227,0.29484,-0.44097,0.74944,-0.34605,0.68471,0.19098,-0.93214,-0.58188,-0.19391,0.24177,-0.22974,-0.69008,-0.25136,-0.30981,-0.32155,-0.83563,-0.64701,-0.90759,-0.95661,0.12688,0.66478,1
-1.3983,-0.29312,0.33181,0.32343,1.2455,-0.97054,1.5976,-0.99891,-0.29503,1.1164,-2.0955,1.9055,-1.3754,-0.3615,-0.1484,-0.74514,-1.0175,0.21236,-0.39293,-0.91094,-1.0872,-0.35704,-0.47916,-0.12896,-0.29821,0.16591,0.3555,0.88603,1.0195,1
0.25729,-0.42739,-0.35864,-0.20864,1.4317,-1.5328,0.6266,-0.75839,0.85131,-0.75458,-1.1284,1.4681,-0.90098,1.6287,2.3576,-0.32428,0.40992,1.2125,1.451,-0.18855,1.0874,-0.22028,-0.090128,-0.75225,-0.63971,-0.78894,-0.71071,0.65538,-0.06934,1
1.1096,-1.6332,1.1256,0.54479,-0.25354,0.41264,-0.44806,-0.30619,-0.29467,-1.3031,0.18429,-0.67379,0.37735,-0.83736,-0.49589,-0.15091,-0.48998,-0.16998,-1.1537,0.19139,-0.4624,-0.26431,-0.29986,0.41121,-0.65894,2.5989,0.24003,0.027999,-0.49063,1
-0.5808,-0.53581,0.134,-0.51057,0.99142,-0.77609,1.3855,-1.7515,-0.52216,1.0581,-1.5741,1.1843,-1.7971,1.0983,-0.52489,-0.64239,-0.47622,0.96818,-0.72033,-0.67256,-0.3014,-0.33655,-0.4204,-0.91543,-0.85783,-0.87854,-0.74959,0.95929,0.63743,1
0.84184,-0.96175,0.18589,0.90089,-0.32448,0.78053,0.30998,0.091777,1.6416,-0.17099,0.76644,0.25971,0.87475,-0.28599,2.5933,0.51276,1.0129,0.246,1.3485,0.64817,2.0121,0.14357,0.34821,1.0214,1.8448,1.4228,2.0285,0.19501,0.69063,1
1.9845,-0.75874,-1.0474,-0.022137,2.4736,-1.1931,0.086269,-0.78309,2.7712,-0.95627,-0.98368,0.32202,0.27921,2.3504,0.31173,0.35482,0.62317,1.7479,0.11789,1.2229,1.6719,-0.078559,-0.040594,-0.83014,-0.99669,-0.91518,-1.245,0.49121,-0.81701,1
0.49795,-1.6514,-0.70227,1.1523,-0.79276,0.37394,-0.75444,0.94093,0.21947,0.3512,0.015365,1.3121,-2.2074,1.6798,1.3981,-0.13522,1.0217,1.639,1.1725,0.26211,2.2786,-0.092738,0.16096,-0.70223,-0.49416,-0.73148,-0.54408,0.77082,-0.024625,1
-0.16858,-1.5213,-0.75,0.82398,-0.32549,0.078542,-0.91877,1.4068,0.072319,-0.19449,0.37509,1.7314,-2.7871,1.3212,0.61389,-0.47995,0.307,1.3945,0.4625,-0.40047,1.1822,-0.25262,-0.13013,-0.58978,-0.57242,-0.62193,-0.74085,0.75461,0.25485,1
1.817,-0.0021965,-0.90067,1.5672,-0.86874,1.0273,-1.5084,0.64266,-1.1966,-0.18286,-0.539,-0.83484,-0.079878,0.15028,0.6333,1.0041,0.55099,-0.046818,0.34845,2.2953,1.4031,0.10844,0.065347,-0.63086,-0.86328,-0.68955,-0.96652,-0.1216,-0.25098,1
1.1843,-1.3696,-1.2242,1.3788,-1.4154,0.78628,-0.63659,-0.29506,0.2402,0.50764,0.1746,0.42696,-0.85626,1.8348,0.92492,-0.26784,-0.061133,1.1146,0.19302,0.10765,0.37043,-0.27568,-0.20255,-0.82666,-0.78692,-0.86263,-0.93598,0.36071,-0.54767,1
0.77838,-0.30565,1.5745,1.4815,0.50252,0.79213,-0.31661,0.92928,1.1698,-0.22642,0.33555,0.76137,0.34013,-1.0947,-0.10695,2.6617,2.0616,-1.0096,1.2222,0.9396,0.22589,2.5484,2.3441,3.4817,2.4272,2.0684,0.65524,-0.93777,0.04833,1
0.17977,-0.93904,1.5943,0.032468,-0.48877,0.33679,-0.043493,0.01786,0.93635,0.26322,0.31295,0.36559,0.12509,0.25264,1.2987,-0.45835,-0.36698,0.83367,0.3569,-0.40824,-0.32476,-0.31643,-0.36218,-0.42273,-0.42388,-0.19084,-0.020592,1.5812,1.8982,1
2.0762,-1.3554,-0.43968,1.3158,-0.84776,0.16179,-0.65936,-0.45392,-0.10456,-0.63491,-0.017686,0.2465,0.51545,1.6444,1.3519,0.62899,1.1728,1.0082,0.14837,1.9635,2.3356,0.098208,0.23449,-0.84788,-0.70041,-0.85899,-0.81244,0.36294,-0.051564,1
0.082053,0.66962,0.28549,1.1976,-0.89758,1.4102,-0.73517,1.0173,0.069911,0.69324,0.17199,0.85764,0.15081,-0.87598,1.3596,0.70387,0.92032,-1.1032,1.4074,0.19204,0.49743,0.30172,0.61567,1.835,2.0489,1.3676,1.3301,-1.1173,-0.78061,1
-0.18617,-1.3455,0.20087,0.65317,-1.6732,0.67092,-1.8982,0.56911,-1.5319,0.40362,-0.45541,0.72906,-0.92866,1.5722,1.6505,-0.32746,0.89514,1.4189,0.86493,-0.10731,2.1999,-0.14348,0.10046,-0.89533,-0.79879,-0.86466,-1.1112,1.1785,0.51337,1
0.75429,-0.56791,0.10038,1.5811,-0.45857,0.24342,-0.5141,1.667,-2.2619,1.554,-0.64741,0.8887,-0.21936,-0.40899,1.1459,0.10859,-0.25953,-0.18863,-0.11984,0.15137,-0.069903,-0.17655,-0.32646,0.81266,1.3874,1.1956,1.9798,-0.17438,0.16064,1
-0.29063,-0.41369,-0.16361,1.7254,-0.54461,0.78507,-0.82123,1.1235,-0.61037,0.88503,-0.23772,0.93358,-0.40737,-0.29189,1.1529,-0.36731,0.081454,-0.27792,0.22051,-0.3524,0.56794,-0.26492,-0.1967,0.37649,0.26267,0.73959,1.0601,-0.20607,-0.16002,1
1.3323,-0.59894,-1.005,1.1887,-0.6909,0.66757,-1.1278,0.71082,-1.2815,1.3991,-0.36487,0.63171,-0.41081,-0.21023,0.40195,0.20497,-0.6693,-0.1008,-0.60412,0.7567,-0.47138,-0.1888,-0.41681,0.23201,-0.1076,1.1662,1.2037,-0.15526,-0.18463,1
-0.22668,0.72505,-0.17845,-1.5739,2.1743,-0.41498,1.2186,-0.8618,0.97057,-2.3558,1.7194,-0.88528,1.6308,-0.614,1.2004,-0.206,-0.33001,-0.66942,1.2977,-0.40304,-0.030607,-0.25977,-0.34251,1.8851,2.6868,1.5099,2.0384,-0.6135,-0.73185,1
0.41586,-0.13009,-0.35136,-0.97571,1.7663,-0.99517,1.9748,-1.8655,-0.08689,1.5947,-0.0030043,0.048887,-0.76768,0.12854,1.1959,-0.26598,0.19339,0.48174,0.36587,-0.26596,-0.15449,-0.19853,0.34847,0.1687,1.3186,0.51989,2.121,0.56284,0.44512,1
0.5448,0.0053395,-0.24113,-0.87065,1.8448,-0.99356,1.9861,-1.8919,-0.10235,1.6591,0.29904,0.027586,-0.91998,-0.20333,0.96408,-0.01819,0.27056,0.17119,0.54695,-0.071376,0.0011851,-0.14009,0.025075,0.48982,1.3563,0.76057,1.9268,0.34367,0.39663,1
0.5709,0.42535,-0.9252,-1.0914,0.70183,-1.1776,0.30171,-1.0315,0.61433,-1.0851,-0.46076,0.86461,0.24603,0.77294,1.4036,-0.062713,1.7755,0.39259,1.0027,0.32244,3.4684,0.10524,1.403,-0.66176,-0.03317,-0.64448,0.2435,0.082512,-0.3632,1
0.3295,-0.83164,0.88362,-0.21207,-0.46903,0.53812,-0.56523,0.37205,0.34154,0.14913,0.73535,0.15902,0.20664,0.10516,-0.31256,-0.41249,-0.45022,0.55052,-0.0077635,-0.22175,-0.43768,-0.31838,-0.30665,-0.5896,-0.39288,-0.43245,0.00011533,1.1984,1.4946,1
0.61815,0.27065,-0.063236,-1.7481,1.6819,0.15066,1.737,-1.6516,1.2138,-1.4713,1.3147,-0.19421,1.6856,-0.050842,1.5173,0.36845,0.45698,-0.30261,1.3565,0.060985,-0.10624,-0.060637,-0.1097,0.42456,0.81604,0.094177,0.35427,-0.54418,-0.64455,1
0.91866,-2.2507,-1.0036,2.0642,0.1894,0.5045,-1.8703,1.1378,-0.24602,1.2545,-1.9268,0.9203,-1.1412,1.652,-0.32425,-0.44717,-0.30876,1.573,-0.68075,-0.21333,-0.061909,-0.31433,-0.30568,-0.93117,-0.99481,-0.97764,-1.3606,0.87985,-0.27189,1
0.67366,0.084773,-1.0159,-0.82589,0.91818,-1.0942,0.95832,-0.71927,1.2674,-0.20165,-1.7663,0.89238,-1.0622,1.3058,1.8195,-0.34784,-0.06937,0.7911,0.73594,-0.10337,0.28332,-0.28339,-0.29591,-0.81207,-0.68366,-0.80909,-0.70343,0.33802,-0.17295,1
0.39982,0.10865,-0.80755,-0.59799,0.80292,-1.0126,0.99268,-1.0907,0.084732,-0.34658,-2.1001,1.6985,-0.46062,1.1212,1.4464,-0.17947,1.2099,0.72921,0.7915,0.13652,2.1414,-0.048318,0.51911,-0.83908,-0.76343,-0.85778,-0.95336,0.44346,-0.014007,1
1.5919,-0.71712,-1.7895,1.412,-1.9381,1.2892,-0.89641,0.25344,0.52203,-2.1117,1.09,-1.6737,0.69289,1.5456,1.2459,-0.17388,-0.67928,0.62533,-0.19767,0.64895,-0.44951,-0.3144,-0.44484,-0.98574,-1.0051,-1.0002,-1.1632,0.34715,-0.49773,1
1.3103,-0.32263,-1.8959,1.1651,-2.1107,1.2135,-0.74182,0.23889,0.60567,-2.2907,1.0464,-1.6208,1.0449,0.86921,1.0181,-0.1862,-0.77346,0.22376,-0.19675,0.53854,-0.47848,-0.31792,-0.45881,-0.94464,-1.1222,-0.98611,-1.433,0.16784,-0.56284,1
0.1125,-1.0336,0.71587,0.25145,-0.26141,0.45925,-0.34614,-0.20938,-0.39036,-0.77857,-0.39597,0.62046,-0.66509,1.4339,-0.038023,-0.68234,-0.92291,1.853,-0.44274,-0.61557,-0.91718,-0.35523,-0.46604,-0.88405,-0.93524,-0.67631,-0.70157,2.3415,2.4177,1
0.1207,-0.93252,0.77601,0.25267,-0.27482,0.36703,-0.48495,-0.36858,-0.48291,-0.70066,-0.27496,0.69187,-0.95499,1.2388,0.18496,-0.66433,-0.9021,1.6745,-0.20985,-0.59142,-0.98422,-0.35408,-0.46686,-0.85068,-0.63779,-0.65934,-0.37658,2.2304,2.3531,1
0.62401,0.15925,0.50245,1.3206,-0.75531,1.3161,-0.39417,1.7629,-0.46096,1.3898,0.055126,1.0467,0.77467,-0.99408,-0.16389,1.2866,1.04,-0.95226,0.27999,0.58658,-0.13235,0.64051,0.60931,1.8765,1.8352,1.5001,0.96223,-0.76334,-0.29384,1
0.50158,0.66886,-0.38171,-0.46123,1.3449,-1.0134,0.67519,-1.4052,0.079473,-0.45636,-0.79916,0.70811,-0.70427,0.424,1.6498,-0.22161,0.014262,0.10304,0.70818,-0.019299,0.13635,-0.2569,-0.2822,-0.67427,-0.56736,-0.72923,-0.68288,-0.014677,-0.27319,1
-0.91623,-0.035896,-1.2578,1.2609,-0.51401,1.1973,-1.7807,0.97911,0.43037,-1.4343,0.97058,-0.74127,1.2553,-0.29605,0.61043,-0.66616,-0.84421,-0.44648,-0.40029,-0.80825,-0.86337,-0.3513,-0.46904,0.20894,0.77193,0.57193,2.2348,-0.49742,-0.61624,1
0.36642,0.77727,-0.64553,-1.0517,0.83485,-1.2038,0.58534,-1.4727,0.33907,-0.27997,-1.1562,0.27305,-0.46217,0.443,0.77444,-0.39581,-0.36698,0.045308,-0.133,-0.20981,-0.35212,-0.31259,-0.37988,-0.83386,-0.69785,-0.88676,-0.86825,-0.1486,-0.44452,1
-1.11,0.36649,0.68351,0.011471,0.85063,-0.84536,1.2704,-0.79411,0.25265,1.0629,-1.9429,2.5242,-1.3932,-0.98342,-0.11796,-0.40165,-0.35985,-0.73984,0.024179,-0.72196,-0.82004,-0.27981,-0.30326,1.6733,2.3179,1.4891,1.3957,-0.31985,0.2994,1
0.56836,-1.6395,-0.20513,1.2831,0.056064,0.56839,-0.38659,-0.57859,0.0078717,-0.22687,-0.34294,-0.50978,0.47159,1.0891,1.1813,-0.29118,0.096397,1.1239,0.14563,-0.0082453,0.89369,-0.25335,-0.20859,-0.53583,0.59971,-0.36591,1.0266,0.72271,0.40136,1
-0.80186,0.079315,1.7043,1.0649,-0.72659,1.5725,-0.91451,1.4844,-0.10928,0.39126,0.48186,0.037918,-0.14749,-1.1758,0.029468,0.11656,0.29216,-1.2199,1.1152,-0.60259,-0.6353,-0.0072553,0.23191,4.5092,2.8687,2.5692,0.40078,-1.1263,-0.20451,1
1.2647,-1.6434,-1.9003,2.6378,-0.98687,1.2353,-0.80527,0.10152,0.70062,-1.4363,1.2257,-1.4438,1.3842,1.7681,-0.35284,-0.11916,0.369,1.1954,-0.68994,0.4999,1.3538,-0.20897,-0.15982,-0.78444,-0.99839,-0.70842,-0.75671,0.42956,-0.89261,1
1.6419,-1.5963,-1.5891,2.062,-1.0959,0.79474,-0.77059,0.80711,-1.3949,-0.18331,0.53523,-0.70826,0.40307,1.8168,-0.36055,0.19841,0.74079,1.2503,-0.72232,1.0649,1.6263,-0.091044,-0.044381,-0.95571,-1.0218,-0.99281,-1.4339,0.46539,-0.79581,1
1.9106,-2.5393,0.47828,2.6514,-2,1.5218,-0.9429,0.56391,-0.77921,0.098358,0.047005,-0.4792,0.45084,3.3685,-0.41172,-0.1864,-0.12478,2.6977,-1.3007,0.52405,0.50527,-0.27838,-0.24065,-1.0197,-1.1679,-1.0558,-1.5804,1.0978,-1.1425,1
2.1117,-1.5239,-2.0142,1.9477,-0.92744,1.6835,-1.3322,0.40993,0.22417,-0.37337,-0.08856,-0.59022,0.3101,1.6306,-0.78423,0.22458,-0.29086,1.3102,-0.9922,1.7069,0.096803,-0.23624,-0.30814,-0.98568,-1.0712,-1.0073,-1.3716,0.66649,-0.38514,1
0.19671,-2.2427,-0.79378,2.3272,-0.78262,1.1978,-1.8875,1.5271,-1.1408,0.75729,-0.10315,-0.71366,0.64763,2.6435,1.3465,-0.44153,0.27638,2.3779,0.93836,-0.36386,0.68744,-0.24835,-0.13722,-0.98991,-0.77939,-1.0143,-1.1045,1.2843,-0.31513,1
0.72549,-1.2878,-0.17586,0.34764,-0.50833,-0.26137,-0.06882,-0.30627,0.53088,-1.0786,0.97817,-0.65979,0.36644,1.0422,0.021705,-0.45362,-0.52001,0.84643,-0.72605,-0.16739,-0.47558,-0.32902,-0.41002,-0.88407,-0.40863,-0.86781,-0.18312,0.53991,0.6323,1
-0.83652,-0.70234,-0.45478,-0.52934,1.448,-1.6572,2.0041,-0.87053,-0.53784,1.5326,-1.2291,0.7261,-0.21394,1.341,1.9311,-0.7886,-1.0268,1.4173,-0.73821,-0.92654,-1.114,-0.35789,-0.4791,-0.44316,0.017375,0.49776,2.0727,1.2509,0.63614,1
-0.73873,0.087107,-0.27826,-0.93733,1.9226,-1.2075,1.6128,-0.75048,-0.12642,-0.19643,-0.11065,-0.084367,-0.17364,0.54603,1.4342,-0.68778,-0.80565,0.39228,0.69268,-0.78151,-0.72704,-0.3519,-0.46438,-0.42429,-0.11624,-0.19606,0.72019,0.31345,-0.036263,1
-0.46744,-0.07261,-0.17346,-0.65258,1.9762,-1.6263,1.0079,-0.69758,0.072983,-0.94377,0.14399,0.18772,-0.28426,1.1071,2.9448,-0.66005,-0.70438,0.65927,1.4822,-0.75651,-0.66319,-0.34718,-0.43565,-0.40546,0.49791,-0.31168,0.97556,0.38971,-0.083191,1
-0.95811,-0.35627,-1.1625,1.3299,-1.0791,1.4569,-1.322,0.50769,0.85282,-0.64208,0.95176,-1.0724,1.4722,-0.093444,2.1996,-0.66341,-0.62737,-0.12171,0.69467,-0.78437,-0.57589,-0.34386,-0.41654,0.21504,1.0929,0.73875,2.6353,-0.057658,-0.35701,1
1.3061,-0.42013,-0.90456,2.0582,-1.0293,0.74267,-1.0486,1.0588,-1.4716,-1.4541,1.0594,-0.36494,-1.3628,0.77292,0.13553,-0.11392,-0.4292,0.25717,-0.10298,0.58607,0.30538,-0.29353,-0.38014,-0.85662,-1.0159,-0.8913,-1.2134,0.073153,-0.39885,1
1.6145,-0.54093,-0.63022,2.2408,-1.1461,1.0128,-0.38361,0.32765,-0.2646,-0.50974,-0.32515,0.44177,-0.28182,1.0886,1.3794,0.093061,-0.26906,0.44078,-0.044892,0.7749,-0.034803,-0.2415,-0.36048,-0.69555,-0.80423,-0.66284,-0.66312,0.10872,-0.33165,1
1.878,0.060545,-0.92947,1.3119,-1.8288,1.1659,-0.83047,-0.66165,-0.24226,-1.1477,-0.40434,-0.26027,0.0099405,0.65386,1.9235,0.6432,-0.32808,-0.070805,0.60809,2.02,0.37166,-0.12802,-0.38255,-0.81257,-1.0638,-0.88775,-1.3736,-0.12578,-0.4537,1
0.50679,0.065549,-1.2065,-0.98358,1.5576,-1.627,1.6586,-0.025251,-0.32957,0.62612,0.68777,-0.95501,-0.076684,-1.2674,-1.0252,-0.17979,-0.87887,0.25868,-1.3337,-0.22456,-0.91006,-0.27667,-0.45496,1.3189,-0.60521,2.8154,-0.15671,0.67149,0.49458,1
0.70054,0.50433,-0.69182,-0.86582,1.5753,-1.4081,1.9884,0.42159,0.24008,0.51094,0.52519,-1.1827,0.3324,-0.71677,-0.55133,0.051222,-0.42444,-0.066495,-0.36682,0.16981,-0.35514,-0.21875,-0.36117,0.6654,-0.10692,1.5132,1.3425,0.33531,0.24237,1
0.87635,-0.12621,-0.83487,1.5036,-1.2237,1.1426,-1.4256,0.56077,-0.80794,0.6182,0.040833,-0.50097,-0.41884,0.22896,1.0071,0.16038,0.79978,0.10006,0.34884,1.0116,2.6114,-0.10442,0.02485,-0.72669,-0.69366,-0.77556,-0.70273,0.11101,-0.1246,1
-0.48346,-0.076936,1.1486,1.7094,-0.69062,1.611,-0.97938,0.97218,-0.11615,0.86905,0.07412,1.5324,-0.80581,-0.70807,1.5753,-0.1121,0.59043,-0.67355,1.1312,-0.46438,-0.19776,-0.11528,0.93037,1.034,0.84199,0.7486,0.64181,-0.38421,0.049754,1
-0.81711,-0.71104,-0.45674,-0.53392,1.4448,-1.6535,2.0157,-0.84218,-0.52591,1.5531,-1.2224,0.73316,-0.17611,1.1915,2.0601,-0.78559,-1.0276,1.3878,-0.73761,-0.92337,-1.1137,-0.35783,-0.4792,-0.3711,0.022615,0.68291,2.0777,1.2423,0.6523,1
1.4315,-1.7317,0.1072,2.715,-1.8631,1.3465,-0.49559,-0.23595,-0.14373,-0.029956,-0.062265,-0.83324,1.1732,2.4809,0.61276,-0.37753,-0.61499,1.7346,-0.38322,0.0061402,-0.32029,-0.32827,-0.43617,-0.87211,-0.40535,-0.88031,-0.088154,0.69195,-0.59416,1
-0.16995,0.39393,-0.086361,0.55422,-0.61959,0.54563,-1.4749,0.98117,-2.1476,0.29264,-1.0224,0.34519,-1.3397,-0.38145,0.67321,-0.38689,-0.68666,-0.68399,0.44647,-0.31563,-0.55461,-0.32938,-0.44925,-0.57309,-0.72427,-0.71892,-0.89335,-0.77778,-0.56392,1
-0.098194,-1.1708,-1.2438,1.1105,-1.9326,1.5294,-0.46138,0.053529,-0.49058,0.20143,0.049305,-0.4576,0.60189,1.7578,1.2719,-0.67787,-0.82828,1.0324,0.11058,-0.75147,-0.8388,-0.35271,-0.46977,-0.75837,-0.30043,-0.7662,-0.17006,0.42648,-0.44121,1
-0.12818,-1.3916,-1.8145,1.7131,-0.15732,0.53738,-0.39992,-0.35505,-0.5452,2.2413,-1.4802,0.12095,-0.058294,1.5374,0.31218,-0.68713,-0.85575,0.88701,-0.37885,-0.76541,-0.77968,-0.35383,-0.47208,-0.80483,-0.82727,-0.90338,-1.0273,-0.0028908,-1.0072,1
-0.51917,0.23292,0.089075,0.98706,-1.0053,0.46255,-1.4294,0.40124,-2.2893,-0.28832,-1.605,-0.07413,-2.1985,-0.54466,0.31898,-0.42922,-0.31256,-0.58867,-0.066635,-0.40642,0.11717,-0.31262,-0.36163,-0.39341,-0.72969,-0.51554,-0.91098,-0.50546,-0.35085,1
1.7254,-0.17202,-0.48427,-0.85216,1.8497,-1.2542,1.7911,-1.4141,-0.10736,0.60741,0.071549,0.85166,-1.1891,0.098222,1.309,1.0762,2.3756,0.47204,0.5621,1.4848,1.4594,1.1256,3.7832,0.27516,1.5193,0.67541,2.0116,0.54315,0.52274,1
-1.1776,0.072758,1.7072,-0.10105,0.059696,0.49388,-0.10775,-0.030093,-0.44042,-1.0084,0.6321,-0.24126,-0.37323,-0.83264,-1.1094,-0.58997,-0.90055,-0.59053,-0.46863,-0.73418,-0.96866,-0.34975,-0.4734,-0.23198,-0.69401,-0.41026,-0.88008,-0.3656,0.86681,1
0.10255,-0.97658,0.71472,0.20836,-0.30446,0.43421,-0.38771,-0.25289,-0.26632,-0.4874,-0.30218,0.52183,-0.94662,1.4374,-0.0016711,-0.67887,-0.94154,1.7851,-0.12159,-0.59875,-0.94242,-0.3555,-0.47193,-0.91718,-1.0277,-0.74924,-0.98137,2.2915,2.3749,1
-1.148,-0.26152,-0.88499,1.5394,-0.77707,1.6296,-1.338,0.46688,0.37917,-1.05,0.59859,-1.3274,1.1915,-0.29111,1.2965,-0.70374,-0.88791,-0.27923,0.072126,-0.86221,-0.9155,-0.35363,-0.46878,0.37621,1.1717,0.79357,2.4247,-0.10245,-0.2928,1
-0.78632,-0.45639,-0.4328,-0.45451,1.522,-1.5758,1.9058,-0.88918,-0.53839,1.5484,-1.1905,0.66928,-0.24899,0.62186,1.6649,-0.73293,-0.8595,0.90542,-0.022325,-0.8715,-1.047,-0.35325,-0.45828,-0.14494,0.75233,0.65813,1.9059,1.0439,0.67735,1
1.7669,-1.5947,0.58066,1.6556,-1.485,1.7071,-1.8501,0.71194,-1.8344,-0.20004,-1.1275,-0.80265,0.86293,2.8295,-0.11911,-0.22882,-0.59782,2.0021,-0.94495,0.55333,-0.31068,-0.31753,-0.43523,-0.94822,-0.93666,-0.91482,-1.007,1.3153,0.54096,1
-0.78502,-0.68628,-0.48651,-0.59714,1.416,-1.7011,2.0026,-0.85623,-0.51044,1.4888,-1.2449,0.64455,-0.23338,1.695,1.5124,-0.79383,-1.0358,1.4881,-0.97798,-0.92648,-1.1137,-0.35807,-0.47927,-0.6016,-0.22781,0.17608,1.8138,1.2623,0.59231,1
0.46475,0.063869,-1.1863,-0.95271,1.5868,-1.6485,1.6582,-0.041891,-0.35962,0.65426,0.70126,-0.88489,-0.075055,-1.2783,-1.0472,-0.19739,-0.94107,0.26165,-1.1549,-0.25308,-0.97736,-0.28064,-0.4692,1.3421,-0.58957,2.8352,-0.17263,0.68815,0.52083,1
0.49549,0.04695,-1.2059,-0.98309,1.5564,-1.6114,1.659,-0.017699,-0.35949,0.57375,0.67621,-0.98022,-0.064064,-1.268,-1.0038,-0.11557,0.54593,0.26288,-0.94981,-0.1691,0.34322,-0.1263,1.2566,1.365,-0.0020389,2.8204,-0.19294,0.66813,0.4918,1
0.58544,0.21457,-1.0656,-0.93038,1.6474,-1.6017,1.6207,-0.10251,-0.3695,0.54663,0.75565,-1.0065,-0.14549,-1.0336,-0.21148,-0.126,-0.70926,0.19765,-1.0263,-0.066134,-0.38519,-0.26317,-0.43484,1.093,0.11459,2.4798,0.77478,0.61009,0.43414,1
0.6788,0.17683,-1.1948,-1.0983,1.5829,-1.519,1.5462,-0.17693,0.16116,1.0745,0.94658,-1.4938,-0.3636,-1.0131,-0.41181,-0.1537,-0.87622,0.25186,-0.80131,-0.10088,-0.78409,-0.27415,-0.46106,0.98126,-0.40427,2.4143,0.42414,0.55189,0.325,1
0.4754,0.13191,-1.078,-1.0006,1.4376,-1.632,1.5836,0.066624,-0.065688,0.78064,0.77538,-1.1096,-0.21471,-1.1688,-0.75162,-0.15224,-0.80347,0.14644,0.13464,-0.18255,-0.81891,-0.2705,-0.44548,1.3739,1.5823,2.5943,0.41453,0.54214,0.34876,1
0.64291,0.16016,-1.2067,-1.129,1.522,-1.5454,1.6476,-0.076544,-0.054274,0.85982,0.8528,-1.2572,-0.15815,-1.039,-0.34602,-0.1642,-0.89635,0.24902,-0.4927,-0.13744,-0.87099,-0.27585,-0.46525,1.0391,-0.35949,2.4649,0.41388,0.57311,0.3427,1
0.59084,0.18936,-1.164,-1.1043,1.4551,-1.6665,1.6111,0.033665,0.18748,0.94376,0.76342,-1.333,-0.37232,-1.1171,-0.59321,-0.15484,-0.84257,0.21456,-0.92983,-0.13172,-0.77947,-0.27319,-0.45171,1.0819,-0.42417,2.5367,0.41684,0.5871,0.37167,1
0.57704,0.16297,-1.1492,-1.0275,1.5377,-1.6089,1.704,0.08167,-0.097882,0.56264,0.59339,-1.0657,0.11652,-1.1285,-0.66815,-0.14235,-0.77502,0.2167,-1.0761,-0.14766,-0.75144,-0.26765,-0.44005,1.1573,-0.28002,2.5689,0.37937,0.60804,0.41932,1
0.42999,1.5004,0.94337,-0.55279,-0.242,-0.74584,-0.73597,-1.1858,0.71657,-0.17296,0.63706,-0.23039,0.41852,-0.68773,-0.80695,0.31446,0.21584,-1.0209,-0.45507,0.36035,0.35031,-0.12547,-0.20761,0.0089828,-0.051905,-0.2717,-0.13311,-1.1699,-0.89751,2
-1.1145,0.77909,1.1825,-0.67621,-0.93055,0.058449,-0.35048,-0.81889,-0.012332,-0.37653,0.24447,0.25061,-0.7212,-0.46177,-0.95422,-0.54571,-0.47326,-0.43664,-0.19709,-0.63986,-0.37625,-0.33049,-0.43064,-0.4736,-0.47471,-0.61321,-0.60442,-0.43683,0.17865,2
-0.85014,1.8114,0.44822,-0.56108,1.2484,-1.2281,0.60658,-0.29088,0.30765,0.75685,2.2826,-0.048286,1.387,-1.0056,-1.0778,-0.37579,-0.80872,-1.2848,-0.84903,-0.5931,-0.85799,-0.32884,-0.45764,0.46918,-0.13472,0.15003,-0.28291,-1.221,-1.0952,2
0.30859,0.4,0.93749,0.030327,0.34986,-1.4212,0.37756,-1.971,-1.1111,1.1576,-2.4047,2.5025,-2.145,-0.23461,-0.44615,-0.24854,-0.30884,-0.054493,-0.11076,-0.21852,-0.53313,-0.28916,-0.35343,-0.38333,0.042287,-0.4285,0.074888,0.43216,0.61491,2
-1.6551,0.20195,1.2294,-1.2228,-0.27308,-0.004041,-0.62706,0.41408,0.34897,-0.90755,0.20576,-0.45913,0.54791,-0.4953,-0.6202,-0.50561,0.51098,0.10532,1.8351,-0.7495,0.10311,-0.20736,0.42757,-0.15008,0.22477,-0.35305,-0.10968,0.84134,1.7552,2
-1.5326,0.13284,1.5457,0.76292,-0.059914,0.39722,-0.85657,-1.0394,-0.76514,-0.7681,-0.45304,0.18324,-1.0232,-0.57399,-0.76508,-0.59337,-0.39222,-0.014084,1.0953,-0.78675,-0.49468,-0.32666,-0.4038,-0.18107,-0.28563,-0.26677,-0.31414,0.66035,1.3237,2
-1.6133,-0.1229,1.2183,0.64543,0.25754,0.97491,-0.29847,-1.0979,-1.1446,-0.78286,0.063896,0.13366,-1.6778,-0.33987,0.13377,-0.74605,-0.95057,0.20762,0.14368,-0.94523,-1.0509,-0.35662,-0.47645,-0.12214,-0.29957,-0.15657,-0.373,0.88529,1.6284,2
-0.78929,0.44214,0.83978,-0.7568,0.85027,-0.99363,1.0059,-2.2938,-1.2401,-0.38532,-1.2322,1.0504,-0.64128,-0.18642,-0.27681,-0.52557,-0.22699,-0.14297,-0.16229,-0.61073,-0.19027,-0.3099,-0.35132,-0.49196,-0.33434,-0.54079,-0.43171,0.044092,0.071502,2
-0.6192,0.45607,0.64479,0.64876,-1.2913,1.621,-0.78147,2.7871,-0.054282,1.1842,-0.60627,-0.08899,-0.25081,-1.027,-1.0052,-0.17975,-0.3158,-0.98816,-0.48551,-0.52197,-0.72348,-0.25183,-0.29939,1.4233,1.794,0.92953,1.2545,-0.85569,-0.028556,2
0.64783,1.7522,-0.67696,-1.5268,-0.9323,0.63225,-0.55691,1,-0.79126,0.17945,0.22438,-0.071823,1.4239,-0.65515,-1.3522,0.47548,0.33017,-1.2744,-1.2141,0.49593,0.41997,-0.064896,-0.1727,-0.10729,-0.42462,-0.48053,-0.56731,-1.526,-1.7566,2
-0.77699,1.2149,1.8529,0.25171,0.50227,-0.98097,0.45339,-1.7399,-0.75958,0.98167,-1.8336,1.5136,-2.3002,-0.91141,-1.232,-0.37863,-0.54648,-1.2159,-1.2432,-0.56155,-0.74154,-0.31891,-0.40067,0.037219,-0.22929,-0.34633,-0.36958,-1.4149,-0.64493,2
0.82077,1.0006,1.2048,-1.6201,0.24148,-0.31361,0.36082,-2.732,-1.171,-2.823,0.86682,0.015046,1.7712,-0.11923,0.30844,0.25746,0.81009,-0.63195,-0.20157,0.032977,0.088417,-0.026821,0.065502,-0.080317,0.4598,-0.38005,0.12092,-0.97196,-1.0255,2
-1.9283,0.70876,0.86897,0.075354,-1.427,0.50534,-1.2216,0.46695,-0.72528,0.017899,0.12024,-0.34504,-0.13833,-0.88646,-1.2759,-0.70749,-0.86217,-1.035,-0.75277,-0.89615,-1.0083,-0.354,-0.46561,-0.36731,-0.35947,-0.65306,-0.71823,-1.1671,-0.4297,2
-1.3931,0.34744,0.75648,-0.37482,-0.39046,0.0070279,0.27717,0.65729,-0.87497,-2.1559,-0.2752,-1.0133,0.99629,-0.76578,-1.0657,-0.17272,0.72949,-0.66016,-0.2485,-0.39275,0.52704,-0.13149,-0.024286,0.067906,-0.055154,-0.223,-0.23039,-0.39372,0.17573,2
0.18577,-0.33817,1.402,0.78637,-0.76151,0.2953,-1.2441,-0.28987,-1.0537,-0.11098,0.15977,0.42638,-0.31605,0.35238,0.61507,-0.30215,0.11221,1.103,2.7772,-0.3637,-0.26627,-0.24945,-0.24397,-0.48537,0.037991,-0.47504,-0.38512,1.7846,2.4306,2
-1.1612,1.1298,0.11586,-0.78483,0.48438,-0.7355,0.00030423,-2.5964,-0.51245,0.78674,-0.45967,0.74703,-0.013159,-0.19604,-0.10219,-0.47024,0.30582,-0.43193,-0.65324,-0.68433,-0.062781,-0.23829,-0.16296,-0.45098,0.046778,-0.58746,-0.11677,-0.52446,-0.46639,2
-1.0116,0.88341,0.95916,-0.54667,0.23743,-1.2086,0.27763,-2.1125,0.75283,0.73388,-0.0033166,1.6046,0.78298,-0.56923,-0.96421,-0.36912,0.1503,-0.57737,-0.3266,-0.52519,0.12484,-0.25342,-0.2389,-0.12576,-0.080719,-0.23079,0.0092472,-0.48531,-0.25985,2
-0.17208,0.68859,-0.25705,-0.84404,0.33826,-0.72522,1.2231,-1.9349,-2.1348,-0.58775,-1.4233,1.9133,0.27108,0.31564,0.15212,-0.49176,-0.15889,0.041141,-0.048833,-0.59036,-0.43398,-0.29939,-0.29841,-0.51768,-0.17755,-0.56356,-0.25205,-0.08877,-0.1737,2
2.1159,1.5265,-0.31924,-1.5483,0.46244,-1.0661,-0.031203,-2.2988,-0.096761,-0.02926,1.1691,0.28739,-0.023665,-0.21733,-0.96191,1.8432,0.6633,-0.51182,-0.95728,3.2311,1.6136,0.52658,0.079164,-0.43481,-0.72944,-0.5574,-0.79491,-0.6796,-1.0404,2
1.278,-0.18169,1.0419,-0.38709,-0.39158,-0.49958,-1.0771,-1.0313,-0.39789,-0.90584,0.69372,0.87708,0.17389,0.013003,-0.094733,0.4659,0.87184,0.5584,0.95465,0.89562,0.75706,0.024883,0.1374,-0.46113,-0.097348,-0.39789,0.05545,0.97605,1.4014,2
0.57831,0.58748,0.059619,0.44362,-0.43389,0.091131,-0.089982,1.3014,-0.6966,0.89669,-0.0060931,-0.34299,-0.67411,-0.46894,0.84384,0.27282,0.087995,-0.84188,0.21292,0.23202,-0.034546,-0.13181,-0.19846,0.23729,0.40945,-0.01964,0.4615,-0.92308,-0.56,2
-1.0766,1.4924,1.7436,-1.1822,0.58016,-0.03442,0.49177,-1.7494,1.7131,-1.0719,1.5917,-0.49081,0.78524,-0.76005,-0.77398,-0.57002,-0.62344,-1.1385,-1.0957,-0.7506,-0.69465,-0.33948,-0.44337,-0.1282,-0.43246,-0.42625,-0.70348,-1.1787,-0.97479,2
-0.5287,-0.5803,1.0027,-0.50555,-0.78078,-0.11786,-0.7989,-0.010483,-0.0085503,-1.1982,-0.070751,-0.4086,0.73745,-0.055954,0.16256,-0.52422,-0.51542,0.37907,1.3306,-0.66458,-0.75156,-0.33037,-0.4357,-0.39394,0.21,-0.43248,-0.15681,0.79572,1.2889,2
1.1627,1.4407,0.31879,0.046887,-1.7424,0.52978,-0.83181,0.25917,-0.51048,-2.2175,0.054297,-0.44213,1.3756,-0.82779,-0.8961,2.5802,4.0896,-1.3278,-0.29279,2.3495,2.8759,2.4101,3.9058,0.08658,-0.12317,-0.34544,-0.19694,-1.4917,-1.4064,2
-1.6024,0.57471,1.563,0.32873,0.86,-0.86174,1.0083,-1.2676,-0.12247,1.2759,-1.2259,2.0737,-1.0761,-1.1548,-1.1437,-0.49827,-0.72613,-1.235,-0.78106,-0.80535,-0.90652,-0.33154,-0.44517,1.781,1.612,1.0978,1.0104,-1.1828,-0.21555,2
-0.15234,-0.12661,1.9261,0.29945,-0.24018,0.47295,-0.82472,0.67002,0.51699,-0.57875,-0.15471,-0.19966,0.9491,-0.92708,-0.67763,-0.020986,-0.21205,-0.5559,0.96743,-0.074684,-0.071198,-0.22892,-0.31227,0.47852,0.58499,0.36354,0.90776,-0.16408,0.80675,2
-0.79355,0.82419,-0.64522,-1.2361,-0.60714,0.37207,-0.44413,0.6129,-0.816,-0.16257,0.23885,0.91387,0.2491,-0.7747,-0.86366,-0.3705,-0.29575,-1.0792,-0.71106,-0.5879,-0.46169,-0.29955,-0.38199,0.51746,0.76419,0.38655,1.5765,-1.2817,-1.0658,2
-0.50159,0.68104,-0.73891,-1.6894,-0.54784,0.61613,-0.04185,1.4959,-1.062,-0.50713,-0.53064,-0.3279,0.055378,-0.63578,-1.019,-0.077914,0.79593,-0.98571,-0.90952,-0.37837,0.32373,-0.099482,0.028745,0.51429,0.60501,0.19138,0.84251,-1.3037,-0.9666,2
0.62609,0.025893,-1.3798,0.2796,-0.76859,-0.12557,-0.45761,1.4895,-1.2913,-0.524,-1.0723,-0.015795,0.52291,0.16484,0.59794,0.12571,0.9959,-0.29177,0.095268,0.041451,0.59282,-0.020645,0.17551,-0.27717,0.13132,-0.40589,0.11687,-0.6056,-0.83442,2
1.999,-0.81283,-0.77691,-0.33092,-1.3342,1.4791,-0.58732,-0.21673,-0.11858,0.041537,1.046,-0.45115,-0.78266,0.78143,-0.094785,0.57687,0.086746,-0.59708,-0.90334,1.6784,0.8321,-0.099513,-0.2924,-0.60573,-0.47159,-0.50161,-0.19632,-0.60303,-1.4518,2
-2.0334,-0.14656,0.34074,-0.17441,0.63915,-0.051095,-0.89192,0.60529,1.0238,-1.3121,0.32068,-1.8982,0.14191,-0.11537,-0.048766,-0.64638,-0.064329,0.3112,1.9765,-0.90815,-0.57493,-0.29741,-0.20666,-0.35534,0.30313,-0.49196,-0.18944,0.55883,1.4051,2
-0.68342,0.24748,0.06214,-1.0618,-0.52004,0.073114,-0.89366,0.81092,-0.053312,-1.0874,-0.22576,-0.71791,0.33044,-0.38917,-0.51061,-0.34964,-0.029386,-0.13132,1.7596,-0.594,-0.37699,-0.2712,-0.29446,-0.046801,0.76399,-0.26495,0.47855,0.1217,0.65812,2
-0.057084,1.1237,-0.29003,0.30099,-0.59611,1.0375,-0.87255,1.8456,0.055532,0.52956,0.1081,-0.048091,0.63499,-1.0984,-0.81588,0.55482,0.71322,-1.3813,-0.65414,-0.016925,-0.072176,0.21285,0.50347,2.3173,2.6859,1.5646,1.828,-1.4339,-1.0225,2
0.50327,1.3514,-0.66903,0.13305,-0.73286,0.79287,-0.39379,1.6131,-0.30378,0.27594,0.17337,-0.016485,1.3031,-0.94919,-0.73742,0.89405,0.76043,-1.334,-0.78147,0.59966,0.46619,0.32747,0.38488,1.2431,2.0594,0.80217,1.8475,-1.3955,-1.2608,2
0.14641,0.66296,-0.68172,0.83065,0.085082,1.1086,-0.87213,1.4775,-0.63586,1.1047,0.85179,-0.069546,0.20087,-1.0264,-0.26262,0.51034,0.33753,-1.1567,0.024812,-0.11391,-0.23891,0.1252,0.22031,2.8733,2.9618,1.9213,1.6165,-1.1464,-0.777,2
0.80181,1.197,1.0526,0.26197,-1.4393,1.2355,-1.1774,1.5291,-0.7086,0.79137,0.24747,0.52208,0.70816,-1.2141,-1.1257,3.3269,3.1174,-1.5921,-0.70305,1.4454,0.88899,4.3941,4.7217,3.5154,3.4754,1.9083,1.8148,-1.7431,-0.9836,2
0.052765,1.6857,0.37057,-0.15786,-0.85773,0.92474,-0.46365,1.8835,0.28708,0.61908,0.44658,-0.16128,0.024722,-1.1505,-1.0627,0.82921,0.36275,-1.595,-0.97927,0.13744,-0.26571,0.27612,0.15598,2.4514,2.6547,1.4487,1.7001,-1.7125,-1.2625,2
-0.78316,0.8057,0.87928,1.1469,-0.64837,1.3458,-0.81583,1.6942,-0.0098454,1.043,-0.032863,0.14743,0.63972,-1.2702,-1.1675,0.27687,0.071877,-1.5045,-0.13799,-0.41783,-0.33362,-0.027154,-0.128,4.0573,3.1056,2.2397,1.1222,-1.6121,-0.63676,2
-1.4998,0.83706,0.90618,-0.25425,-0.52246,0.16836,-1.1312,0.45131,-0.29774,-1.3331,0.11204,-0.8966,1.0438,-1.0716,-0.96436,1.2938,0.75718,-1.1119,-0.037704,0.89138,-0.087619,0.63249,0.78146,1.2477,1.4384,0.94385,1.43,-1.0886,-0.31617,2
0.56422,0.6817,0.41556,0.90095,-0.9395,1.3465,-1.56,1.9972,-0.30821,1.4502,-0.81235,-0.31273,-0.32732,-0.7441,-0.036514,0.049871,0.1394,-1.1645,0.22826,0.07638,0.57016,-0.19672,-0.2167,0.04996,0.030018,-0.30331,-0.20883,-1.3074,-1.2427,2
-0.059688,1.4163,-0.337,0.54241,-1.2782,0.92248,-0.40217,0.95882,-0.098739,-1.3792,0.63601,-1.8683,1.1588,-0.42495,-0.61985,-0.10792,-0.36975,-0.65831,0.3603,-0.020563,-0.20326,-0.27599,-0.41026,-0.32508,-0.30422,-0.4704,-0.29243,-0.73876,-0.99703,2
0.17697,1.3221,0.73219,-1.5956,0.82441,-1.6745,0.3743,-1.8584,-0.38885,-1.3573,0.54794,-0.94869,0.41118,1.6951,1.7797,-0.74692,-0.81996,0.40946,0.033682,-0.86647,-0.91149,-0.35421,-0.46108,-0.72884,-0.42256,-0.28867,-0.093991,0.61951,0.12498,2
-0.72651,-1.2512,1.495,-0.30927,-0.21687,0.48661,0.084516,0.051229,0.085377,-1.0774,0.88828,-0.14632,1.1133,-0.54399,-0.98299,-0.015617,0.71896,-0.76076,-0.14234,-0.1087,0.3981,-0.10768,0.10727,-0.29224,0.25845,-0.52261,-0.017947,-0.96258,-0.45873,2
-0.22293,0.87626,1.884,-1.136,-0.18831,-0.19882,-0.47089,-1.3279,0.91116,-2.1939,1.2128,-0.99259,1.9431,-0.68734,-0.85847,-0.47813,-0.60361,-0.64503,-0.3455,-0.6234,-0.71375,-0.33067,-0.43486,0.15575,0.18286,0.13692,0.68296,-0.39753,-0.043866,2
-0.68182,0.68238,1.2832,-0.40647,0.46457,-1.5218,0.81405,-1.3343,0.52053,1.4619,-0.78085,2.1852,-1.0001,-0.81373,-1.1615,-0.5935,-0.83181,-0.84889,-0.78869,-0.76448,-0.93972,-0.3484,-0.46669,-0.17254,-0.31697,-0.43414,-0.46671,-0.62182,0.04733,2
-1.1874,0.84763,1.4665,0.46203,0.57331,-1.0875,0.54903,-1.6289,-0.82703,1.3336,-2.0365,2.3744,-1.7424,-0.27009,0.6297,-0.3933,0.24054,0.2396,4.3106,-0.67824,-0.19519,-0.24021,-0.12628,-0.035006,0.52764,-0.24358,0.046744,0.59657,1.3282,2
-1.2454,0.28667,1.0346,-1.2373,-0.3581,-0.025406,-0.50778,1.1243,0.26809,-1.1445,0.25428,-0.36393,0.47829,0.026861,-0.26058,-0.78215,-0.97562,0.074501,-0.2401,-0.97464,-1.0787,-0.35756,-0.47819,-0.4284,0.098585,-0.42609,0.2975,-0.041603,0.22336,2
-1.7154,0.30685,0.46487,-1.0181,0.8577,-0.67749,0.90947,-2.1784,-0.01749,-0.12839,1.2481,0.29737,-1.1162,-0.63687,-1.0523,-0.71989,-0.79148,-0.8316,0.04714,-0.94169,-0.88117,-0.35255,-0.46677,0.084894,0.34491,-0.13526,0.25599,-1.0056,-0.97167,2
-2.018,1.6118,1.1863,-1.7488,0.21994,-0.46695,-1.2208,-1.7005,2.2751,-2.3382,1.2642,-1.0567,2.3782,-0.61851,-0.38386,0.19972,0.25489,0.13104,0.85228,0.18735,0.42374,-0.14207,0.049659,0.40566,0.38752,0.53941,0.69853,0.72874,1.1403,2
0.66559,-0.45856,1.2159,0.18792,0.36293,-0.28165,1.1521,-1.2158,-0.32903,1.4191,0.33214,2.364,-1.8282,-0.53167,-0.80009,-0.71504,-0.79782,-0.67955,0.070921,-0.89255,-0.868,-0.35272,-0.46307,-0.4827,-0.49055,-0.66075,-0.79774,-0.69551,-0.68397,2
-1.7135,0.44668,-0.76651,-0.30015,-1.7979,0.49215,-0.98193,0.72915,-0.3214,-1.0842,0.28682,-0.82457,1.2848,-0.53729,-0.92181,-0.15819,-0.14613,-0.46303,-0.071989,-0.25376,-0.39727,-0.26034,-0.33751,-0.12791,0.30753,-0.28579,0.17084,-0.26203,-0.078168,2
0.021134,0.71085,1.2012,-0.45929,0.63014,-1.5363,0.49716,-2.2686,-1.2899,-0.2324,-1.5178,1.2091,-0.73983,-0.55436,-0.96389,-0.43325,-0.71919,-0.57865,-0.63604,-0.48372,-0.81347,-0.33383,-0.45554,-0.3626,-0.41801,-0.49685,-0.48541,-0.34916,0.081515,2
-0.29743,0.97111,0.69057,0.16031,0.15979,-1.1092,0.92093,-1.3244,-1.2744,0.64803,-2.1073,2.8977,-1.0888,-1.0991,-1.1404,0.80188,0.035129,-0.99815,-0.58868,0.26664,-0.54695,0.034031,-0.20591,0.95525,0.19473,0.43079,-0.13731,-0.80865,0.2728,2
0.17938,-0.11062,1.8533,1.0114,0.83212,1.1305,-0.60882,0.35193,0.29956,-0.33869,0.35694,-0.42343,0.30294,-0.55281,-0.21155,0.11971,0.40314,-0.69639,-0.6131,0.18211,0.46058,-0.1418,-0.034655,-0.14372,-0.28536,-0.21112,-0.21264,-0.58538,-0.31997,2
0.29658,0.85848,1.2035,-0.53409,1.111,-1.2746,0.99989,-1.889,0.59871,0.92124,-0.88525,0.7832,0.039192,-0.11095,-0.19481,-0.50907,0.60389,0.0010015,0.7403,-0.67649,0.45215,-0.19344,0.59742,-0.36939,-0.044135,-0.4084,-0.084816,0.14985,0.1712,2
-1.2569,0.34945,1.1127,-0.81307,0.2109,-1.2421,0.50084,-1.7437,0.28658,0.20321,-0.38116,0.48487,-1.1264,0.71169,0.65321,-0.39791,-0.58853,0.085426,-0.38265,-0.29529,-0.70383,-0.32568,-0.43353,-0.60482,-0.24764,-0.61964,0.039477,-0.25005,-0.75816,2
0.74753,0.32811,0.018867,-1.5303,1.9965,-0.74145,0.13213,-2.407,2.2977,-0.83,0.39588,0.19185,1.8313,-0.65182,-1.3086,-0.07876,-0.030042,-0.70778,-0.32845,-0.25274,-0.44836,-0.2338,-0.28354,-0.042246,0.25976,-0.30479,0.014573,-0.70368,-0.05193,2
0.036799,0.29192,0.80164,-0.88568,-1.512,0.12342,-0.48148,0.71198,-0.30129,-1.0121,-0.43843,-0.1545,0.50931,-0.76866,-1.3742,0.31142,0.79659,-1.1596,-0.86476,0.078517,0.20835,-0.0012204,0.13153,0.057311,0.65196,-0.27161,0.57499,-1.3412,-0.97816,2
0.20006,0.95757,0.30645,-0.66686,-1.0816,-0.069666,-0.79118,1.0621,0.58806,-0.70058,-0.5403,-0.22072,-0.15705,-0.58348,1.5545,-0.46122,-0.50827,-0.56832,2.9574,-0.68652,-0.56565,-0.32326,-0.4296,0.67709,1.243,0.30762,0.66829,-0.53454,0.022679,2
-0.98071,0.10075,1.5813,0.12113,-1.2433,0.76224,-0.10348,1.7147,1.4149,-1.3704,0.34111,-0.19053,1.7519,-0.97379,-0.71732,-0.14645,0.15235,-1.0997,-0.0040309,-0.44691,-0.40936,-0.18917,-0.088481,0.86168,1.9718,0.55865,1.7684,-0.99947,-0.58799,2
-0.75877,1.0052,1.18,-0.51775,1.1323,-1.2472,1.6724,-1.2035,-0.83872,-0.25073,-0.60351,0.7323,0.35001,-1.061,-0.55428,-0.34796,-0.068738,-0.73609,2.111,-0.63343,-0.17403,-0.27478,-0.30218,1.3659,1.7556,0.86898,1.3147,-0.33731,0.25407,2
-1.2715,0.1594,1.5976,0.047287,0.51389,-0.42827,0.49536,-1.1135,0.19744,0.69015,0.54362,1.5573,-0.11033,-0.18024,0.81895,0.093701,0.73052,-0.031983,1.0725,0.028238,0.55754,-0.082962,0.099463,0.088847,0.084017,0.17879,0.7253,0.49727,0.90659,2
0.2841,-0.35064,1.0097,-0.27615,-0.74283,0.73895,-0.26224,1.1159,-0.62767,-0.50491,-0.41,0.74153,0.51776,-0.97325,-1.1419,2.8545,0.83356,-1.4052,-1.2902,2.941,0.89129,1.3468,0.47572,0.10808,-0.39121,-0.3253,-0.58794,-1.6081,-0.93389,2
1.3372,1.1622,1.3505,-0.34018,-0.54631,0.93749,-0.62539,0.69715,-0.69637,-0.12482,-0.37947,1.0819,0.67547,-0.80693,-0.87651,0.42205,1.2243,-1.2378,-0.95693,0.23804,0.64129,0.1205,0.62718,0.44117,0.47537,0.16012,0.58485,-1.3129,-1.4677,2
0.14077,1.6595,1.8336,-1.6371,0.1817,-0.43953,0.70055,-1.3025,2.8906,-0.36831,2.7364,-0.64521,1.5094,-1.1118,-0.95401,0.29931,-0.041169,-1.5059,-1.0461,-0.17775,-0.37169,-0.10765,-0.22872,1.8011,1.4017,1.0715,1.0108,-1.5929,-1.0231,2
-0.27687,1.2519,2.203,-0.62948,0.31184,-0.26257,0.71552,-1.2329,1.9547,-0.48955,1.3749,0.60042,0.68633,-0.143,0.32938,0.35024,1.7327,-0.044487,1.2826,0.01089,0.76201,0.23961,0.68891,-0.044694,0.85038,-0.18958,0.48479,0.19354,0.32037,2
0.10955,0.078263,0.91684,-0.67245,0.25491,-1.1317,0.84148,-1.9802,-0.9394,0.087535,-1.4894,1.7758,-0.80245,-0.44979,0.9032,0.70255,0.10223,-0.6822,0.29468,0.71281,-0.050655,0.092749,-0.096409,0.76446,1.3487,0.73341,1.8794,-0.76756,-0.68315,2
1.1606,0.40755,-1.0621,0.45043,-0.94475,0.806,-0.76052,1.1401,-0.031902,1.0848,0.02067,0.48071,0.6531,-0.94282,-1.1067,0.053337,-0.59333,-0.88405,-0.29129,0.011282,-0.78906,-0.23824,-0.38612,0.29385,0.07777,0.25446,0.32702,-0.81691,-0.14455,2
0.016568,0.54037,0.17346,0.68179,-0.84238,1.6933,-1.0628,1.9098,-0.94123,1.0983,-0.35323,0.47822,-0.017779,-0.88894,-1.417,-0.23801,-0.43799,-1.044,-0.93989,-0.41623,-0.68674,-0.29592,-0.37213,-0.026657,-0.27262,-0.40811,-0.62776,-1.2166,-0.68903,2
-0.41043,0.98815,0.21576,0.13624,-2.1878,0.53386,-2.117,0.60255,-1.8487,0.43089,-0.069501,-0.39904,0.38244,-0.51235,-0.76626,-0.74762,-0.90737,-0.15506,-0.56155,-0.92872,-1.0358,-0.35581,-0.45595,-0.32516,0.0056416,-0.36626,-0.0010722,0.61655,0.89839,2
-1.715,0.20598,1.0393,0.45184,0.69157,-0.96939,0.92837,-1.384,-0.74964,1.3592,-2.322,2.5552,-1.8469,-0.67321,-0.77717,-0.57544,-0.73777,-0.54381,-0.51247,-0.68779,-0.86028,-0.34256,-0.35257,-0.18281,-0.47365,-0.17576,-0.39673,-0.10153,0.13077,2
-0.87075,0.57999,1.1375,-0.16546,0.94242,-1.6004,1.3578,-1.1676,-0.15614,1.2221,-1.0349,1.6709,-0.48006,-0.6969,-1.0194,-0.25284,-0.23604,-0.95855,-0.82233,-0.3586,-0.66655,-0.26309,0.25794,0.00074497,0.35749,-0.22975,0.2639,-0.97899,-0.6351,2
-0.17004,1.1383,1.4603,-0.57677,0.32789,-1.9013,0.61905,-1.5176,0.47545,1.5181,0.19925,1.2888,-0.1983,-0.95923,-1.0727,0.017738,-0.3855,-1.2532,-0.88668,-0.18038,-0.65338,-0.23226,-0.27897,0.57083,0.3393,0.3846,0.19127,-1.0732,-1.2701,2
-0.11451,2.09,0.21586,-1.264,1.349,-0.63316,0.23679,-0.79439,1.2775,-0.94744,2.3333,-0.81285,1.5385,-1.206,-0.9882,1.3385,0.99418,-1.5247,-0.55554,0.44848,0.34519,0.8158,0.74695,2.8203,2.7415,1.7105,1.5101,-1.6158,-0.90537,2
0.15562,1.1985,0.51828,0.79598,-0.82968,1.1501,-0.83584,1.7111,-0.33988,0.78505,-0.30015,0.20941,0.75043,-1.3202,-1.5694,5.5037,1.8394,-1.7252,-0.69433,2.3645,0.15386,6.361,2.7942,3.4923,0.77185,1.8901,0.23984,-1.8436,-1.1604,2
1.0027,2.1941,1.0601,-0.42363,1.3463,0.017749,0.50966,-0.52604,0.96979,-0.50994,1.5744,-1.2147,1.7206,-1.0704,-1.1351,0.96395,2.6034,-1.5076,-0.74759,0.33088,0.61454,0.96143,3.1117,0.76322,1.206,0.21767,0.69066,-1.5292,-1.4416,2
-0.020109,2.1995,0.83212,-0.55382,1.2745,-0.84414,0.215,-0.36311,0.75239,-0.54826,2.1453,-0.82923,0.84005,-1.1207,-1.1845,-0.29056,-0.78704,-1.3281,-0.53436,-0.60082,-0.89972,-0.31745,-0.46042,1.0005,0.21202,0.4672,-0.12114,-1.2206,-0.86443,2
-0.99937,1.5537,0.44809,-0.13158,1.6222,-1.0555,1.1215,0.089064,0.027579,0.5227,1.3687,-0.32086,1.0679,-1.0081,-1.2037,-0.30541,-0.57684,-1.3536,-1.0681,-0.52484,-0.82061,-0.31119,-0.41047,0.40049,-0.015063,0.089999,-0.0094879,-1.3001,-1.1655,2
-0.75326,1.8435,0.63895,-0.3031,1.5298,-1.1674,0.16492,-0.8824,0.15399,0.29336,1.2562,-1.3316,1.2857,-1.0106,-1.066,-0.39273,-0.80456,-1.1557,-0.76514,-0.61544,-0.9018,-0.3304,-0.46287,0.64098,0.076809,0.4946,0.12941,-0.88279,-0.82345,2
-0.83853,1.5,0.24747,-0.26601,1.8919,-0.94156,0.63485,-0.9482,0.2618,0.24005,0.43777,-0.514,1.7793,-0.84758,-0.70583,1.5058,0.27857,-1.2693,-0.82287,1.7688,0.36697,0.34323,0.13336,-0.13469,-0.59409,-0.4874,-0.91349,-1.4721,-0.88565,2
1.1028,1.0341,0.90639,-0.11566,-0.60506,0.95917,-0.70356,1.3302,-1.0414,-0.19151,-0.93211,0.60617,-0.20178,-1.3642,-1.7628,-0.84971,-1.0633,-2.248,-1.9135,-1.0759,-1.1346,-0.35848,-0.47982,-1.2739,-1.316,-1.1167,-1.7058,-2.2144,-3.5582,2
-0.29366,-0.66653,-0.2981,-0.75991,0.042493,0.54662,-1.0522,-0.56519,-0.95488,-0.4718,0.21095,0.060792,0.24199,0.47718,2.04,-0.30988,0.086044,0.47802,3.105,-0.37058,0.13892,-0.25635,-0.32093,-0.49268,-0.098382,-0.49059,0.2519,0.49688,0.5089,3
0.040721,-0.66034,-0.98754,-0.62341,-0.49084,1.1662,0.047945,0.76223,-0.10464,-0.36728,0.19885,-0.59906,0.13151,0.10726,-0.49191,-0.3491,-0.06353,0.28478,0.61895,-0.3048,-0.036869,-0.2788,-0.2651,-0.64938,-0.19729,-0.73005,-0.45828,0.21712,0.42258,3
-1.0542,1.2365,-0.49409,-0.89774,1.741,-0.98942,1.145,-0.18703,-0.19359,-0.47656,1.356,-0.90498,0.93768,-0.78772,-0.46705,-0.61162,-0.92946,-0.69675,-0.40257,-0.78601,-1.0226,-0.35047,-0.47472,0.39884,0.027842,0.71166,0.18265,-0.44465,-0.56488,3
-0.08671,-0.55761,0.71167,0.23524,-0.076715,0.77148,0.072639,0.19859,-1.0322,-1.9628,-0.14381,-0.81591,-0.20453,-0.29192,-0.52685,-0.35721,-0.30818,0.33102,0.61537,-0.29502,-0.21047,-0.3033,-0.39925,-0.4894,-0.60686,-0.40234,-0.58725,0.71046,1.2906,3
-0.017727,0.81605,-0.41506,0.43436,-1.5919,0.9754,-1.7656,0.90338,-2.45,-0.98552,-0.99807,-1.0338,-0.47791,-0.75575,-1.2429,-0.093395,0.0022195,-0.83885,-1.093,0.0089704,0.40682,-0.24053,-0.21106,-0.33955,-0.63714,-0.51605,-0.71417,-0.85027,-0.57655,3
0.20523,0.58282,-0.18508,-0.18253,-1.3233,1.0319,-0.56273,0.88326,-2.0305,-0.55212,-1.0497,0.51539,-0.488,-0.59914,-1.1155,0.2457,1.3907,-0.83597,-0.76125,0.49321,2.0963,0.082586,0.56511,-0.46736,-0.59859,-0.66574,-0.74575,-0.91247,-0.64602,3
-1.3025,0.53325,1.378,-0.56797,-1.2846,-0.18148,-0.32237,0.14374,1.2311,-0.080041,-0.22094,-0.19227,-0.85914,-0.31724,-0.84168,-0.63697,-0.65183,-0.20797,0.60201,-0.81717,-0.74086,-0.34434,-0.45517,-0.38596,-0.40377,-0.52499,-0.49859,-0.11508,0.54959,3
-2.0367,-0.19502,1.0681,0.11043,-0.099524,0.6436,0.015789,-0.29983,-0.077011,-0.56601,-0.11347,0.26657,-1.1115,-0.22625,-0.39383,-0.74206,-0.6764,0.52487,0.33681,-0.89054,-0.46952,-0.34999,-0.44086,-0.42968,-0.3423,-0.32886,-0.15153,1.1955,1.6348,3
-0.27338,1.0059,0.50892,-0.12722,0.87031,-0.94718,1.0631,-0.45176,1.5701,1.6562,-0.64969,1.2225,-0.98632,-0.95036,-0.49397,-0.01023,-0.44963,-1.0538,-0.27796,-0.17829,-0.17428,-0.2527,-0.39867,1.1851,1.6669,0.63618,1.0331,-0.95817,-0.44512,3
-0.26794,1.0011,0.49021,-0.32901,0.73332,-0.86678,1.0499,-0.71385,1.3464,1.5501,-0.57569,0.99536,-0.42476,-0.80209,0.050439,-0.12439,-0.38396,-0.92869,0.24905,-0.2162,-0.1016,-0.27258,-0.38886,0.7654,1.0974,0.4463,0.8988,-0.91984,-0.50993,3
-0.1267,1.147,1.1054,-1.5847,0.3313,-1.6543,0.97251,-1.2402,1.8651,-0.53818,0.40479,-1.1349,0.95753,-0.33705,-0.71979,-0.24418,0.092546,-0.69922,-1.0064,-0.27686,0.026358,-0.24679,-0.14424,-0.45263,-0.33664,-0.65261,-0.51875,-0.96337,-0.99921,3
-0.76982,0.78496,1.8078,0.079723,1.023,-0.57627,1.6758,-0.89916,1.1842,1.2098,-0.77718,1.2704,-0.61805,-1.2234,-1.1961,0.11627,-0.38478,-1.5387,-0.8099,-0.40895,-0.76176,-0.16854,-0.32687,2.4822,1.859,1.51,0.96766,-1.6528,-0.90414,3
-0.48973,-0.85015,0.016157,-0.010802,-0.6906,0.66428,-0.56363,-0.57257,-1.6498,-1.2957,-0.19354,-0.3614,0.05987,0.50335,1.0093,-0.46479,-0.13407,0.63421,2.0281,-0.37483,0.2692,-0.30005,-0.36809,-0.83497,-0.90132,-0.82127,-1.1625,0.72586,0.6829,3
0.77987,0.73706,0.56444,-1.7209,0.50109,-1.1149,1.4784,-1.1274,1.0548,-1.0269,-0.82247,-0.65506,0.078032,0.0038317,-0.82969,0.6039,2.0544,-0.36463,-0.75663,1.1966,3.1731,0.36257,0.83147,-0.64159,-0.73102,-0.76413,-0.93363,-0.60012,-0.80499,3
0.77164,0.50084,-0.031896,-1.877,1.0713,-1.1536,0.79346,-1.4975,1.825,-0.9847,-0.37643,-0.10728,0.26808,0.57331,0.11358,-0.069668,0.023008,0.078022,-0.2965,0.36308,0.68665,-0.24112,-0.34481,-0.73016,-0.6007,-0.78212,-0.58502,-0.18747,-0.69709,3
-0.69863,0.84258,-0.70958,-1.0642,0.52747,-1.5294,0.58696,-0.93297,0.57466,0.48153,-0.57174,0.10989,-0.29421,0.18882,-0.47335,-0.60519,-0.42566,0.03905,-0.3008,-0.58922,-0.28567,-0.33154,-0.35688,-0.86263,-0.96589,-0.91121,-1.2486,0.01033,-0.32307,3
-1.8421,-0.052904,-2.6009,-0.022463,-0.6802,0.59225,0.18629,0.46276,1.5225,-0.74573,0.37878,-0.76635,0.14396,0.048542,-0.76698,-0.77847,-0.90695,-0.19299,-0.72942,-0.96226,-0.95845,-0.35664,-0.47477,-0.75186,-0.79085,-0.88179,-1.08,-0.534,-1.0078,3
-1.3876,-0.040429,-1.1612,0.13218,-1.2983,0.76049,-1.6182,0.46649,-0.74127,-0.54808,0.79985,-0.31682,-0.028345,-0.052525,-0.54837,-0.61836,-0.39256,-0.13607,-0.11899,-0.73668,-0.28096,-0.32916,-0.41049,-0.64921,-0.74968,-0.76094,-1.0022,-0.16915,-0.26861,3
-2.0825,1.0435,0.95025,-1.3134,0.76328,-0.8053,0.81167,-0.4089,1.9634,-0.095059,2.0224,-2.2036,1.1807,-0.64742,-0.63361,-0.69903,-0.72928,-0.68809,0.5379,-0.86047,-0.6821,-0.35028,-0.46685,-0.40955,-0.52876,-0.55916,-0.67376,-0.78145,-0.65403,3
-0.44024,0.81009,-0.0031729,-0.21272,-1.638,1.168,-1.1635,0.95053,-2.3165,0.43723,0.16256,-0.070156,0.10807,-0.66168,-0.93128,-0.23869,0.017049,-0.86462,0.010438,-0.29393,-0.020928,-0.25514,-0.30869,-0.43584,-0.45997,-0.68731,-0.72594,-1.0177,-0.55607,3
-0.44812,0.5088,0.44054,-0.48983,0.41631,-1.067,0.93029,-1.0337,1.5327,0.57437,-1.3143,1.0011,-0.80617,-0.16842,-0.57744,0.068468,1.0278,0.051534,-0.32248,0.70924,2.8011,-0.07139,-0.045784,-0.5622,-0.77275,-0.52432,-0.50141,0.40952,0.3231,3
0.38185,-0.85821,-0.016229,-0.88721,-0.33816,0.18194,-0.19862,0.57423,-1.5748,0.45375,0.17027,-0.078291,-0.66617,0.52092,-0.055636,-0.30091,-0.049878,0.62774,0.92374,-0.085954,0.35033,-0.27631,-0.33834,-0.78137,-0.86145,-0.81182,-1.0639,1.0022,1.0505,3
0.51081,0.58278,0.23987,0.29729,-0.92529,1.1812,-0.70411,0.57577,-0.22813,0.73438,-0.48379,1.0485,-1.9989,-0.64067,-0.54112,0.32258,0.85594,-0.90521,-0.68649,0.43696,0.50151,-0.0085404,0.36625,-0.25375,0.09227,-0.47352,-0.11217,-0.92329,-0.66042,3
-1.6212,0.61399,1.2465,-0.95569,0.11563,-0.73172,1.449,-0.36059,1.2079,-1.1499,-2.0094,-1.4222,-0.97485,-0.38819,-0.70765,-0.64544,-0.34472,-0.39193,-0.69053,-0.78183,-0.10842,-0.32748,-0.3595,-0.29261,-0.57023,-0.46224,-0.64128,-0.32243,-0.14348,3
0.025422,0.51215,0.55284,0.30612,-1.2382,1.081,-0.5865,0.87787,-0.56427,0.12371,-0.47767,1.1198,-2.0736,-0.67491,-0.81955,0.13894,1.269,-0.88013,-0.77616,0.40046,2.3949,0.019411,0.40894,-0.34203,-0.57254,-0.55059,-0.7309,-0.77089,-0.45865,3
-0.24101,1.1195,0.70928,-1.8637,0.76175,-1.2743,1.1554,-1.1142,2.0023,-0.82587,-0.17687,-1.4563,0.42646,-0.34413,-1.1659,0.32877,1.4175,-0.72945,-1.0018,0.56787,1.886,0.11453,0.21209,-0.58817,-0.61164,-0.7419,-0.86337,-0.83968,-1.0649,3
0.34608,0.49539,1.3062,-0.40366,-0.29995,-1.0219,0.57576,-0.3572,0.39097,0.21574,-1.3785,0.51233,-1.1732,-0.49576,-1.1602,-0.0034307,-0.085721,-0.53237,-0.49956,0.26767,0.20956,-0.23521,-0.34589,-0.5695,-0.87602,-0.73135,-1.1126,-0.33781,0.15688,3
-2.328,0.2991,0.19468,-1.1982,-0.092222,-1.2732,1.1826,-0.72327,0.15022,0.97599,-1.3006,0.27389,-0.41167,0.070257,-0.32957,-0.79213,-0.94742,0.1212,0.47685,-0.98088,-0.9726,-0.35742,-0.47737,-0.59779,0.035125,-0.60404,0.37467,0.2266,0.099925,3
-1.8225,0.87619,0.52927,-1.0928,-0.47009,-1.5538,0.5862,-0.49167,1.0456,1.5415,-0.94676,-0.46972,-1.3665,-0.24484,-1.1856,-0.71699,-0.79201,-0.33702,0.0028819,-0.91361,-0.8658,-0.35257,-0.46912,-0.4699,-0.47455,-0.64344,-0.84012,-0.32771,-0.34345,3
-0.34948,1.7098,0.1193,-2.5073,-0.23987,-0.64288,0.035182,-0.26529,3.2294,-0.47685,0.92935,-0.7225,1.4494,-0.15542,-1.0869,-0.52419,-0.6055,-0.64412,-1.0543,-0.64767,-0.6669,-0.33585,-0.42672,-0.38216,-0.34663,-0.63661,-0.52364,-1.0327,-1.7231,3
0.25024,-0.69395,-0.084043,0.1831,-0.10584,1.0272,-0.3292,0.25149,-1.3006,0.11475,0.36258,-0.61695,-0.21223,0.26848,0.11255,-0.29672,-0.061634,0.50591,1.7844,-0.067345,0.43638,-0.27807,-0.34778,-0.66248,-0.69989,-0.51376,-0.24166,0.63976,0.68669,3
-0.041707,-0.042148,-0.52943,-0.76998,-0.67695,0.84965,-0.34676,-0.32512,-1.1872,-1.2672,-0.38946,-0.080278,0.23229,-0.28356,-0.55457,-0.046875,0.41827,-0.42512,0.20699,-0.0056471,0.53167,-0.17228,-0.23222,-0.56605,-0.71041,-0.72586,-1.0656,-0.53809,-0.28883,3
-0.54205,0.69369,-0.44515,-0.14214,-1.184,1.5793,-0.82566,0.69019,-3.4136,-1.2582,-0.80666,-0.34849,0.56219,-0.55164,-1.1973,-0.31793,-0.032397,-0.75025,-0.13535,-0.52681,-0.418,-0.26776,-0.32404,-0.21373,-0.017236,-0.47066,-0.33504,-0.87639,-0.57638,3
1.0694,0.52,-0.85882,-1.0095,0.51389,-2.3641,0.98739,-0.93487,-1.2828,1.1718,-0.076929,0.93487,0.86741,0.5403,-0.5673,-0.20649,-0.45812,0.46451,-0.6533,0.27259,-0.44299,-0.30078,-0.37565,-0.82177,-0.97948,-0.84465,-1.2833,0.60024,-0.01302,3
0.3785,1.0568,1.7226,-1.1241,-0.9054,-1.4841,0.37639,-0.55207,2.7268,0.70473,0.11542,-0.96513,-1.6818,-0.32556,-0.99907,0.47635,1.241,-0.61964,0.81666,0.43366,1.2002,0.12094,0.14155,-0.29738,-0.66518,-0.6135,-1.1052,-0.93996,-0.70232,3
0.59622,0.54632,1.0647,-0.25288,1.0813,-0.88898,2.0778,-0.82838,0.25814,1.3729,-1.7547,1.2504,-1.3934,-0.91627,-0.8018,0.013784,-0.60985,-0.85821,-0.68185,-0.094098,-0.63637,-0.25976,-0.41674,0.36874,0.1349,0.21529,0.14358,-0.58637,-0.066383,3
1.5169,-0.51674,2.4466,0.62022,-0.043342,1.5725,-0.73258,1.1959,0.23371,1.6986,0.65909,0.19125,0.55809,-1.066,-0.88274,3.8977,2.772,-0.4814,-0.0098485,2.4271,0.58849,4.0405,4.24,1.8748,1.0644,1.3888,0.47151,0.53972,1.1958,3
0.61752,-1.5701,0.67002,-0.29662,-0.33757,0.66765,-0.24833,-0.00066151,-0.63167,-1.5008,-0.11749,-1.3849,-0.63159,1.4115,0.10664,-0.54074,-0.60391,2.3102,-0.15227,-0.28853,-0.85358,-0.33884,-0.41435,-0.87316,-0.34547,-0.66944,-0.1388,2.5799,2.8124,3
0.93855,0.59795,0.44239,-1.0393,0.73378,-1.5973,1.0044,-1.1056,0.45656,-0.083274,-1.7549,0.8319,-0.98549,-0.37588,-0.23686,0.43257,0.5382,-0.37561,-0.16035,1.1621,1.4525,-0.0047118,0.16312,-0.23612,0.64772,-0.094155,1.3488,-0.1821,-0.16523,3
1.8935,-1.1486,0.54664,-0.60014,-0.031243,0.24812,-0.13545,-0.26887,-1.1156,0.76356,-1.347,0.94387,-1.4998,1.3829,1.0073,0.2412,0.054095,1.0612,0.32844,1.3954,0.45915,-0.18912,-0.26031,-0.87959,-0.90657,-0.84668,-0.97052,1.7647,1.695,3
1.1754,-0.72216,-0.55098,-0.5687,0.27287,0.10884,-0.65126,-0.55275,-1.0196,0.019487,-1.2072,0.80528,-1.0888,0.40844,-0.44673,0.21948,0.87834,0.29462,0.028921,0.57433,1.0427,-0.038391,0.18472,-0.57473,-0.3028,-0.6168,-0.29746,0.19081,0.53234,3
0.71906,0.91602,-0.41144,1.23,0.18312,0.39507,-0.73127,1.606,-0.10902,-0.32906,0.33569,0.8443,-0.86995,-0.77942,0.73682,1.0697,0.57502,-1.261,-0.0593,0.49223,-0.26921,0.45794,0.39929,1.704,1.675,1.2491,1.2534,-1.2047,-1.1396,3
0.54302,0.51958,-0.518,-0.21217,1.196,-0.91173,2.136,-1.181,-0.49659,1.4021,-1.0892,1.6749,-0.76536,0.03006,-0.012072,-0.24714,-0.34766,0.32958,-0.44175,-0.22324,-0.75643,-0.28901,-0.36607,-0.20544,0.44024,-0.068988,0.53936,0.68236,0.7176,3
-0.64545,1.4439,-0.67217,-1.8401,1.1907,-0.76472,0.24861,-0.22281,1.0538,-3.0928,1.9438,-1.9431,-1.4225,0.18089,-0.49629,-0.57075,-0.18531,-0.17557,-0.5684,-0.63072,0.033258,-0.31018,-0.28428,-0.65849,-0.64556,-0.7485,-0.69955,-0.38609,-0.98857,3
0.18887,1.3575,1.0021,-1.1729,-0.63736,-0.63647,0.7664,-1.3352,0.42256,-0.56528,-0.091312,-1.2279,-0.95062,-0.37399,-0.69122,0.1654,0.72157,-0.85159,-0.81218,0.12275,0.70822,-0.07437,0.037536,-0.25302,-0.10028,-0.51544,-0.22731,-1.1811,-1.101,3
-1.2132,0.71327,0.058892,1.6327,-1.5001,1.5286,-0.49884,1.2927,0.83632,-0.73182,1.6996,-1.0726,2.6072,-0.96662,-0.95027,-0.5016,-0.47427,-1.0563,-0.74761,-0.70555,-0.48111,-0.32332,-0.3591,0.56709,0.59324,0.43302,0.49909,-0.75553,-0.64517,3
1.1583,-1.6567,-1.159,-0.19576,0.72476,0.69147,0.36857,0.0092937,-0.77076,-2.0299,0.32213,0.30965,1.398,0.92585,0.41492,0.17443,0.67484,1.0513,1.3515,0.46999,0.69725,-0.086549,-0.079802,-0.65586,-0.33441,-0.69134,-0.33866,0.79047,0.62228,3
2.1034,0.80468,-1.6568,-0.44437,-0.41285,1.0787,-0.16846,0.45376,-2.3548,-1.4161,0.061556,0.037378,-0.080098,-0.33799,-1.2663,3.1065,4.3271,-0.82814,0.036966,4.9788,7.1562,2.7194,3.2118,-0.50036,-0.70604,-0.69253,-0.9088,-1.0442,-1.4262,3
-1.3151,-0.45009,-0.94641,-0.25778,0.17144,0.55941,-0.60389,0.28634,-0.58231,-0.092075,0.87224,0.15876,0.088454,0.1136,-0.377,-0.68695,-0.66817,0.12307,0.49196,-0.80993,-0.55952,-0.34777,-0.44877,-0.65575,-0.68372,-0.71234,-0.63718,-0.090123,0.17337,3
0.92258,-0.038162,-0.17334,-0.83927,-1.0024,0.2956,-0.84451,0.1628,-0.68205,-1.0561,-0.48823,-0.23245,-0.65751,-0.43027,-0.99773,0.23093,-0.28082,-0.47573,-0.5564,0.76353,-0.13859,-0.20976,-0.33081,-0.66165,-0.82208,-0.78886,-1.0611,-0.51084,-0.065873,3
-0.0055485,1.1543,-1.0651,-0.72613,-1.3344,0.97665,-1.4621,0.0048963,-1.6446,-0.19823,0.9778,0.1989,1.1743,-0.60979,-1.0269,-0.20143,-0.35444,-1.0021,-0.90949,-0.24546,-0.30759,-0.28693,-0.39019,-0.28235,-0.48423,-0.58978,-0.72057,-1.2973,-1.292,3
-0.65626,0.38672,0.77428,-0.51213,-1.3437,-0.27516,-0.57592,0.41813,0.96036,0.31475,-0.24575,-1.001,-1.055,0.013226,-0.20087,-0.5896,-0.66324,0.22002,1.75,-0.67733,-0.64262,-0.34303,-0.45998,-0.6398,-0.74915,-0.74187,-1.1558,0.42833,0.87616,3
-0.51313,0.27472,0.225,0.21629,0.29568,-0.30337,1.2814,-0.42238,0.60007,1.9314,-1.4715,2.5963,-1.4107,-0.51179,-0.72404,-0.55127,-0.88304,-0.062802,-0.34512,-0.62814,-0.84347,-0.34757,-0.47209,-0.15403,-0.32785,0.014998,0.017666,0.51893,0.79101,3
0.4969,-0.97034,-0.88725,-1.0158,-0.67351,0.82139,0.25201,0.93604,0.012182,-0.32817,0.31959,-0.72171,-0.2507,0.12327,-0.69679,-0.10725,0.36966,0.55573,0.30318,0.099313,0.52405,-0.19228,-0.18786,-0.71044,-0.73092,-0.78013,-1.133,0.64646,0.80569,3
-0.15567,1.1679,0.37188,-0.28056,0.73453,-1.2195,0.82577,-1.7582,-0.45385,0.71697,-1.1443,0.3112,-1.8102,-0.53661,-0.51694,-0.33802,-0.47786,-0.42769,0.21499,-0.28007,-0.27068,-0.31417,-0.40093,-0.40196,-0.26011,-0.50864,-0.18011,-0.32809,-0.047169,3
0.37382,-0.091562,-1.0409,-0.34346,-0.7357,1.0758,-0.59263,0.87373,-1.1506,0.60192,-0.3495,0.29618,0.32094,-0.18153,-0.85484,-0.28362,-0.4976,-0.39553,-0.90288,-0.056528,-0.23493,-0.31094,-0.38616,-0.7122,-0.95806,-0.83342,-1.2845,-0.47381,-0.49469,3
0.63162,0.7107,-1.2322,0.21101,-0.021869,0.94957,-0.59645,1.8771,-0.63064,-1.503,0.69644,2.1573,-0.15299,-0.63696,0.37789,0.59622,0.76067,-1.0077,-0.25593,0.27644,0.6738,0.17165,0.25561,1.5764,2.589,1.0735,2.1571,-1.1342,-1.0228,3
0.10874,1.651,-1.6996,0.084776,-0.46341,-0.13725,0.82495,-0.39972,-0.12823,0.27412,-0.080404,0.12908,1.2657,-0.58823,-0.78243,1.0672,4.1731,-1.1386,-0.78462,1.4345,5.2707,1.489,3.0293,-0.46021,-0.50987,-0.68735,-0.67699,-1.2412,-1.6877,3
-1.1477,1.4754,0.48709,-0.59895,1.1055,-0.78778,1.2918,-0.44827,0.74632,-0.20871,0.26025,-0.20803,-0.16386,-1.0125,-0.98962,-0.44493,-0.7333,-1.1586,-0.28104,-0.61786,-0.74704,-0.33076,-0.45596,0.50987,0.3645,0.36977,0.48817,-1.046,-0.82353,3
0.61287,-0.071637,0.84856,0.49762,0.1739,1.0969,-0.34764,0.62887,0.38786,0.17045,0.97495,1.4824,0.30248,-0.80241,-0.1499,0.51681,-0.28531,-0.81066,-0.37719,0.31891,-0.34415,-0.090542,-0.32911,0.8102,0.5095,0.69103,0.58925,-0.70212,-0.048678,3
0.52042,0.87627,1.1598,-0.037801,1.8124,-1.7426,1.4475,-0.49677,1.5832,1.3263,0.73621,-0.60183,-0.27845,-1.0501,-0.86128,1.7817,3.4936,-1.0139,-0.17834,0.91061,1.0418,2.5041,5.9028,1.5476,2.5017,0.96594,1.6033,-0.74202,-0.19468,3
1.1938,-0.6538,1.107,-0.29539,-0.30115,1.0521,-0.68107,-0.30163,-1.6786,-1.2447,0.43876,-0.79878,-0.21812,-0.13016,-0.65235,0.2988,0.069397,0.26685,0.52396,0.88183,0.25267,-0.15886,-0.2247,-0.52371,-0.75355,-0.4846,-0.59502,0.75931,1.1142,3
0.4485,0.18624,0.79856,-0.33471,0.78977,-1.2974,1.2792,-1.2188,0.14651,1.1107,-2.2901,1.1765,-2.1751,-0.12316,-0.78074,-0.20772,-0.4138,0.035617,-0.19165,0.1695,-0.043218,-0.29778,-0.41453,-0.68906,-0.86698,-0.68628,-0.92908,0.49418,0.55035,3
0.44884,0.28594,0.50377,-0.57151,1.4758,-0.94315,1.3672,-1.4279,0.56073,0.16559,-1.5663,1.042,-0.728,0.069936,0.1669,-0.34704,-0.53791,0.053463,-0.74167,-0.11453,-0.26788,-0.32058,-0.40643,-0.61093,-0.66688,-0.58376,-0.60708,0.16302,0.14729,3
0.14634,0.55588,0.26961,0.050616,-0.034331,-1.3633,0.97047,-0.87147,-0.094882,1.9485,-2.4286,2.3541,-2.5366,-0.15755,-0.67711,-0.42172,-0.67983,-0.061887,-0.19126,-0.26964,-0.6099,-0.33249,-0.44811,-0.67955,-0.84262,-0.6957,-0.75514,0.41228,0.54778,3
0.27239,0.83528,0.80292,0.56488,0.52718,-0.93322,1.1972,-0.78392,0.30547,2.0788,-2.455,1.834,-2.6437,-0.69248,-0.56985,-0.035533,-0.65934,-0.63362,-0.74975,0.03575,-0.62996,-0.27934,-0.43416,-0.24664,-0.60446,-0.42517,-0.74331,-0.27419,0.22827,3
0.68438,1.715,-0.46694,-2.5558,0.31614,-0.38406,-0.22019,-1.2663,3.1613,-0.69785,1.6237,-1.9223,1.9454,0.14308,-0.4104,-0.021205,0.08447,-0.45288,-0.77996,0.13274,0.24729,-0.21708,-0.26161,-0.5526,-0.52244,-0.71109,-0.71052,-0.75073,-1.684,3
0.6027,0.076598,-0.052427,-1.9985,0.43175,-1.3873,1.3032,-0.76241,2.0072,-0.76786,-0.49755,0.046934,0.26268,0.36308,-0.35344,0.11048,0.76873,0.16851,-0.016654,0.22465,1.1232,-0.083207,-0.075392,-0.34171,0.31982,-0.39192,0.44756,-0.10149,-0.71757,3
1.1017,-0.43389,-1.4621,-0.10647,-1.4483,0.64358,-0.16319,0.46759,-0.72198,0.22553,0.98242,-0.83735,0.77259,0.11572,-0.54673,0.014505,-0.25729,-0.14639,-0.47721,0.63526,0.43233,-0.25772,-0.32591,-0.78325,-1.0063,-0.87317,-1.3427,-0.25587,-0.54808,3
-1.6467,0.27841,-0.39538,-1.2651,0.23856,-0.75828,2.2847,0.057487,0.059721,0.06957,-2.4602,-0.12129,-0.18646,0.34237,-0.80026,-0.78464,-0.96908,0.37264,-0.43084,-0.98277,-1.0712,-0.35753,-0.47809,-0.40129,0.20696,-0.39493,0.17148,0.36121,0.068648,3
1.7149,-0.827,-0.43368,-0.020496,0.36904,0.71797,-0.73335,0.551,-0.74412,-1.4209,0.61901,0.84286,-0.14339,0.48407,-0.3446,0.43243,0.081495,0.32422,-0.04819,1.4408,0.4803,-0.13457,-0.23837,-0.7117,-0.76074,-0.71163,-0.65897,0.34802,0.51799,3
1.2908,1.5302,0.57057,-0.48656,1.821,-0.66128,1.0771,-0.15567,1.4257,0.51088,2.0439,-1.0558,0.96468,-1.1254,-0.91175,5.0225,4.5751,-1.2704,0.088013,3.0859,1.9636,5.8609,5.4453,1.6724,1.2045,0.90744,0.18228,-1.1518,-0.75516,3
1.4644,1.3238,0.4882,0.13137,-0.4448,1.0596,-0.91646,0.55851,-1.7432,1.1294,-0.41184,0.63099,-0.65423,-0.91436,-0.98234,2.6976,0.040173,-1.3627,-0.91981,3.5515,0.87989,1.0476,-0.062898,-0.22769,-0.53691,-0.56233,-0.9065,-1.4996,-1.258,3
1.0425,-1.6121,1.1566,-0.70861,-0.52535,0.66915,-0.58892,-0.09237,-0.78231,-0.00077123,0.59029,-0.01095,-0.54651,1.5675,1.927,-0.41604,-0.68487,1.8564,1.0193,-0.00050904,-0.64446,-0.33296,-0.45228,-0.7125,-0.60887,-0.14234,1.2952,2.1607,2.1038,3
0.58628,1.1225,-0.2748,0.077478,-0.8086,1.6297,-0.92971,1.6671,-1.1844,0.8719,0.40699,0.41714,-0.58358,-0.93907,-0.37328,0.98854,0.4145,-1.1942,1.0996,0.91308,-0.33393,0.3736,0.35163,0.73592,1.5774,0.57048,2.0157,-1.2997,-0.97352,3
-0.72106,1.003,2.3256,0.02841,0.048951,-0.85374,0.66902,-0.84657,1.2757,-0.029073,-0.44942,0.58914,-1.6162,-1.0116,-0.73547,-0.21689,-0.57242,-1.2478,-0.61077,-0.39296,-0.70585,-0.29368,-0.41361,0.37456,0.65081,-0.010604,0.43076,-1.4344,-0.53401,3
1.7571,-0.33394,2.4432,1.0483,0.33141,1.4868,-1.146,1.3265,0.69914,1.5227,-0.29981,0.21773,1.4637,-1.1595,-0.9289,7.3253,4.3046,-0.89581,-0.068611,4.0219,1.4665,11.381,7.473,2.5475,1.0025,1.5365,0.45046,-0.43426,0.66454,3
-0.32545,0.82088,-0.010243,2.358,-0.13972,1.4976,-1.074,0.76857,1.4687,0.25639,1.2985,-1.4744,1.7461,-1.1126,-0.71148,0.24176,-0.041841,-1.3518,-0.48525,-0.26816,-0.55159,-0.1228,0.051217,1.8163,0.91335,1.0901,0.4314,-1.1988,-0.87383,3
-0.13248,0.34528,0.82759,-1.4432,0.16674,9.191e-05,0.53466,-0.83684,2.0967,-1.56,0.44861,-0.41334,0.038401,0.27413,0.44396,-0.26548,0.14263,-0.026267,0.067928,-0.20606,0.53932,-0.2477,-0.28557,-0.59929,-0.20132,-0.75395,-0.63691,-0.36573,-0.50456,3
0.28606,0.20654,0.12469,-1.2584,0.63907,-1.2544,1.4047,-1.1695,0.40763,1.3118,-0.93408,1.2138,-1.293,-0.075646,-0.42359,-0.26075,-0.089484,0.070214,-0.27231,-0.088214,0.22912,-0.27292,-0.34453,-0.38282,-0.31661,-0.070363,0.83404,0.3852,0.22543,3
-3.2345,0.61313,-1.3334,-0.11359,-0.15083,-0.29186,0.75917,-0.46669,-0.090417,0.75397,-0.0071179,0.095119,1.5791,-0.50003,-1.2768,-0.82709,-1.02,-0.70857,-1.3809,-1.0376,-1.0805,-0.35833,-0.47929,-0.67613,-0.72362,-0.77869,-0.75338,-0.78073,-0.83317,3
-0.5266,1.3849,1.6308,-1.4371,0.27559,-1.675,1.2627,-0.61367,0.78773,-1.033,0.38871,-2.3518,0.89703,-0.55254,-1.1731,-0.45588,-0.39697,-1.1283,-1.0561,-0.49624,-0.40828,-0.31826,-0.37266,-0.61786,-0.78279,-0.83611,-1.0483,-1.3531,-1.4764,3
1.1652,0.60945,-0.14771,-1.0197,-0.15028,-0.97967,1.1714,-0.78751,2.5581,1.4423,-2.5895,1.402,-0.73454,0.20861,-0.19956,0.46297,0.77802,0.23489,1.7262,0.79918,0.61362,0.0070256,0.03507,-0.49297,-0.25313,-0.56843,-0.23858,0.031873,0.16358,3
-0.84971,1.5044,-2.0682,-0.40007,-0.2204,0.12476,0.70512,-0.47906,-0.031162,-0.22789,-0.58487,0.26256,1.8585,-0.42938,-1.291,-0.60599,-0.74727,-1.0754,-1.553,-0.73304,-0.79872,-0.34684,-0.46243,-0.50529,-0.4859,-0.71265,-0.65847,-1.2439,-1.8158,3
-0.46395,1.7515,-0.16663,-1.4748,0.92398,-1.0131,0.65364,-0.0028695,1.3908,-0.93122,1.2676,-1.4623,0.73323,-0.61238,-0.27649,-0.47819,-0.80377,-0.91186,-0.29271,-0.51605,-0.67757,-0.33979,-0.46431,-0.10548,-0.15381,-0.069822,0.31144,-0.90792,-1.214,3
0.31443,1.7941,-1.5586,-0.010317,-0.44391,-0.004512,0.71632,-0.75672,-0.82942,0.10865,0.1755,0.20978,1.1788,-0.62286,-0.83151,0.77283,3.1123,-1.2154,-0.94645,0.94626,3.5988,0.86077,2.4771,-0.33875,-0.40935,-0.60124,-0.54005,-1.3471,-1.7798,3
-0.86599,1.6324,-1.933,0.69009,-0.026177,-0.086297,1.043,-0.40281,0.099598,0.22695,-0.306,0.44759,1.1451,-0.53843,-0.93383,-0.64172,-0.97872,-1.0647,-1.3395,-0.72994,-1.0171,-0.35372,-0.47764,-0.57423,-0.77733,-0.7334,-0.90088,-1.0638,-1.595,3
-0.44815,-1.6732,-1.3827,-0.024151,-0.067891,0.93841,-0.098708,-0.24773,0.021576,-0.35472,0.80229,-0.66169,-0.065677,0.91074,-0.011067,-0.67826,-0.68837,1.0463,0.23008,-0.70065,-0.49196,-0.34894,-0.45333,-0.89789,-0.79126,-0.87444,-0.70904,0.74032,0.67841,3
0.27174,0.92271,0.738,0.097031,-0.71043,1.0182,-1.0344,1.6925,-1.1361,1.0219,-0.67976,1.2406,-0.79201,-0.92985,-1.1887,0.34618,-0.32408,-1.208,-0.88144,0.44141,-0.22466,-0.17582,-0.34359,-0.080398,-0.3749,-0.31958,-0.35126,-1.312,-0.74918,3
-0.29072,-0.27642,1.043,-0.64717,-0.50389,-0.36588,-0.14886,-0.5733,1.6158,-1.5547,-1.0022,-1.4914,-2.3733,0.16816,-0.53704,-0.25718,0.36612,0.42414,1.3151,-0.26283,0.3917,-0.21087,-0.12885,-0.66516,-0.63144,-0.7319,-1.0751,0.69654,0.90154,3
0.59234,0.34514,0.060753,0.36109,0.75341,-1.4606,0.92428,-1.0311,-0.56575,0.86414,-2.2009,1.817,-2.1665,0.27197,0.88475,-0.36356,-0.73871,0.34457,0.68558,0.024198,-0.26635,-0.33375,-0.45571,-0.80879,-0.94278,-0.83921,-1.2532,0.66701,0.6014,3
-0.1709,1.5079,1.802,-1.4873,0.21371,-1.2688,1.0525,-0.95182,2.4731,-0.58449,0.91442,-1.5397,1.6914,-0.52033,-1.0668,-0.24861,-0.09509,-1.0872,-1.0966,-0.24465,-0.023012,-0.27028,-0.25966,-0.48745,-0.7315,-0.73702,-1.0016,-1.3404,-1.5402,3
0.50162,-0.53288,-0.70106,0.44737,0.23266,1.3245,-1.5666,0.59543,-1.2235,-0.096616,0.3222,0.20665,-0.63724,0.22137,-0.68975,-0.38636,-0.58038,0.054715,-0.78021,-0.17955,-0.3856,-0.32622,-0.42618,-0.7203,-0.70722,-0.74342,-0.7036,0.023748,-0.043751,3
1.427,1.3127,0.12614,-0.81438,1.7158,-1.0928,1.1434,-0.14086,1.133,0.63934,2.1363,-0.92908,0.80001,-0.97224,-0.7358,3.6254,3.2763,-0.99965,-0.056133,3.0383,1.9587,3.2752,3.5569,1.1244,1.9849,0.73189,0.6088,-0.77154,-0.59862,3
0.79793,1.1106,0.016672,-0.45959,2.2303,-0.66133,1.5307,0.045659,1.2067,0.5537,1.7486,-0.98374,1.103,-1.143,-0.91388,3.1402,3.7856,-1.0949,0.27625,1.386,1.1815,3.1998,4.1129,2.1555,1.0259,1.3284,0.49995,-0.85539,-0.40613,3
1.4701,1.6562,0.33171,-0.97693,1.683,-0.7486,0.92732,-0.28916,1.7326,-0.00092664,2.3177,-0.99061,1.3433,-1.0741,-0.95561,4.7027,3.8155,-1.188,-0.35883,3.4679,1.9336,4.9102,4.6377,1.3162,1.2066,0.83163,0.29373,-1.015,-0.83799,3
1.322,1.1256,0.62362,-0.40554,-0.66335,0.86569,-0.65454,0.67523,-1.1289,0.6742,-0.29153,0.29312,-0.63717,-0.8395,-1.0724,2.0258,1.256,-1.2584,-0.8784,3.0317,2.8112,0.77472,0.7317,-0.39202,-0.65698,-0.68931,-1.0199,-1.4608,-1.0175,3
-1.5499,0.29485,0.79742,0.19744,0.65571,-0.82509,1.2943,-0.78851,0.19925,1.6696,-2.2505,2.3284,-1.9176,-0.50304,-0.65602,-0.72183,-0.90223,-0.18454,-0.23384,-0.8908,-0.99062,-0.35513,-0.47199,-0.27217,-0.093755,-0.2595,-0.02842,0.41077,0.70791,3
1.7168,-0.09777,1.5765,0.9927,0.29829,1.5922,0.30401,0.54657,0.15963,-0.40736,0.83971,-0.94499,0.23241,-0.89288,-0.56904,4.071,2.8062,-1.402,-0.54203,3.9067,1.7834,3.2033,2.788,0.43218,0.30577,0.12061,-0.36434,-1.1714,-1.4187,3
-0.06644,1.6956,-2.0529,0.58063,-0.09283,-0.069685,0.97621,-0.13016,0.54726,0.39219,-0.60514,0.17262,1.5959,-0.56024,-1.0248,-0.3073,-0.39105,-1.0946,-1.1782,-0.26299,-0.48169,-0.30237,-0.34499,-0.5218,-0.52067,-0.69654,-0.67931,-1.1164,-1.6615,3
-1.616,-2.0651,-0.092974,-0.91699,0.98646,0.48949,-0.46483,0.091909,0.17555,-0.78443,0.16472,-0.38299,1.2114,2.007,1.1965,-0.81939,-1.0156,3.2645,1.267,-0.99658,-1.0564,-0.35829,-0.47884,-0.92281,-0.83335,-0.7745,-0.597,3.4567,3.4183,4
-0.58868,-0.65183,0.91287,1.0756,0.43599,0.44796,-0.42425,0.85447,-0.21168,0.23757,0.52277,0.14913,-0.015798,-0.89475,0.58838,-0.23178,-0.33938,-0.40536,0.79719,-0.58558,-0.52651,-0.24836,-0.32961,2.5079,2.9075,2.0386,1.5784,-0.21853,0.72593,4
-1.3044,-1.8575,0.2118,0.67095,1.276,-0.43649,-0.59746,1.1612,0.30259,-0.39701,0.75612,-0.55936,0.58541,0.89358,0.66577,-0.48885,0.85529,2.2421,1.3729,-0.64408,0.9723,-0.14562,0.29441,-0.1872,0.011036,0.29589,1.3852,2.3403,2.1713,4
-1.3357,-1.9296,0.38511,0.44179,0.85403,-0.4049,-0.47574,1.1564,0.38139,-0.31915,0.93143,-0.45897,0.207,1.6512,0.80734,-0.51995,0.40989,2.7704,2.0957,-0.65966,0.54482,-0.23023,-0.034862,-0.58726,-0.52055,-0.096113,1.0825,2.4157,2.1692,4
-1.522,-0.97066,-0.181,1.459,-0.45745,1.0113,-1.103,1.8648,-0.89196,1.0036,0.51186,-0.081872,0.54647,0.68665,0.13136,-0.36636,1.0592,1.0323,-0.60658,-0.55394,1.019,-0.087421,0.34403,-0.51172,-0.20258,-0.3317,-0.050188,0.92174,0.51923,4
-0.7482,-0.32193,-0.046588,-0.077928,-0.066912,0.40998,0.47833,0.28406,1.2817,-0.021766,-1.0656,1.189,-1.1261,0.23113,1.5516,-0.65315,-0.48638,0.75991,1.1637,-0.71764,-0.12255,-0.33815,-0.38738,-0.2207,-0.3266,0.17793,0.40679,1.3086,1.6388,4
-0.61882,-0.81647,0.022333,0.027368,0.075793,0.86326,-1.211,-0.47268,0.31908,-1.1086,0.29725,-0.26275,0.70357,1.5757,3.4424,-0.56029,0.11733,1.7717,0.96296,-0.59465,0.43325,-0.27696,-0.18955,-0.70979,-0.75707,-0.3981,0.14004,1.9601,1.9565,4
-0.48164,-1.4511,-0.37496,-0.02699,-1.0864,0.25415,-1.4417,1.1347,-0.68706,1.2952,-0.31554,1.5165,-0.56158,1.236,-0.60242,-0.59964,-0.13098,1.3247,-0.60809,-0.54129,0.6064,-0.31151,-0.32065,-0.88033,-0.78248,-0.79641,-0.57982,1.3678,0.93101,4
-0.94682,-1.6558,-0.019717,-0.85653,0.7693,0.068523,-0.60667,0.24122,0.056118,-0.49838,0.91352,-0.78984,-0.27124,1.7571,0.3617,-0.72523,-0.47326,2.7047,0.95002,-0.86014,-0.54801,-0.33791,-0.34695,-0.93258,-0.72857,-0.8763,-0.97533,3.1386,3.2571,4
-0.043927,-2.2445,-0.012099,-0.30347,1.2759,0.34832,-0.82702,-0.11588,0.56808,-0.23267,0.72647,-0.53424,-0.027803,2.2329,1.8319,-0.64563,-0.28376,3.5218,1.8907,-0.68007,-0.1096,-0.32259,-0.1746,-0.81171,-0.56991,-0.64081,-0.39298,3.3557,3.084,4
-1.1064,-1.3857,1.2243,-1.1875,-0.54645,-0.26665,-0.36186,0.1876,0.4437,-0.076576,0.84225,-0.20096,0.59032,1.593,1.2641,-0.7796,-0.92882,2.8749,2.1467,-0.91407,-0.88893,-0.35718,-0.476,-0.86932,-0.82825,-0.74312,-1.0587,3.2633,3.7197,4
1.1376,0.97489,-0.49345,-0.87926,0.86352,-1.1537,0.78524,-1.2975,0.19645,-0.54489,-1.2651,0.5841,-0.803,0.20057,0.50922,0.18872,1.0724,-0.128,0.035927,1.0834,2.3786,-0.032108,0.64333,-0.86733,-0.96655,-0.92741,-1.1692,-0.22109,-0.44677,4
-0.42069,-1.074,-2.2744,1.706,-0.26173,0.94406,-1.042,0.84473,0.31018,-1.6741,1.3553,-1.1426,0.90935,1.0075,-0.72506,-0.418,0.66744,0.83508,-0.66662,-0.50324,0.89562,-0.17843,0.12599,-0.63166,-0.034475,-0.70973,-0.12293,0.13158,-0.93909,4
-0.54663,-0.080219,-1.4954,1.7814,-0.4641,0.8469,-0.98914,0.77837,0.42775,-0.90124,1.4149,-1.6453,1.9648,0.24303,0.70372,-0.63096,-0.65419,-0.22211,-0.20668,-0.70745,-0.51684,-0.34493,-0.44904,-0.40729,-0.41263,-0.31021,0.32027,-0.44196,-0.91572,4
-0.81669,-0.31738,-0.91389,1.95,-0.93712,1.0318,-0.74963,0.65641,-0.42634,-0.75449,1.5747,-1.6743,1.7337,0.42808,0.63613,-0.68172,-0.71743,0.03957,-0.63256,-0.81863,-0.72184,-0.34912,-0.45809,-0.40504,-0.1034,-0.31149,0.10309,-0.0076674,-0.45898,4
1.0189,0.1064,-0.7289,1.5954,0.18836,0.97591,-0.78136,1.8086,-1.492,0.94884,0.90777,-0.40581,-0.30808,-0.77683,1.0341,1.7587,1.5376,-0.77057,1.3809,0.83769,0.27515,1.4574,1.5225,2.7248,3.6331,1.8445,2.2119,-0.85069,-0.49573,4
-1.7761,0.070137,-1.0287,1.3013,-0.19984,0.61696,-0.83848,1.0461,0.052449,-0.9004,1.561,-1.3193,1.7865,-0.45325,1.0671,-0.73676,-0.85967,-0.47979,0.36529,-0.93159,-0.88844,-0.35451,-0.46696,0.7067,1.4006,0.89325,2.0843,-0.61863,-0.57189,4
-1.3496,0.20543,-0.66888,1.3239,-0.002041,0.70831,-1.2269,0.89296,-1.0562,0.10451,0.60321,-0.59117,1.4759,-0.57582,0.79598,-0.66868,-0.82337,-0.62636,0.31874,-0.86663,-0.86359,-0.35029,-0.46489,0.88065,1.5081,0.94128,1.8939,-0.68341,-0.50661,4
0.20261,0.050629,0.57367,1.3434,-0.80915,1.8772,-0.93708,1.9755,-0.83743,1.9272,0.01924,0.23665,-0.060344,-1.1174,-0.33679,1.2704,1.6321,-0.82296,1.1999,0.36914,0.15072,1.0541,2.4616,2.4991,2.4307,1.7941,1.0651,-0.55013,0.31841,4
0.70183,-0.95838,0.69249,0.055821,-0.77678,0.47934,-0.61261,0.40264,0.18964,-0.017752,0.18281,-0.23048,-0.13238,-0.13111,0.89134,-0.18836,-0.55289,0.63891,0.74035,0.10275,-0.38422,-0.2795,-0.39343,0.007339,0.48155,0.6954,1.8498,1.2002,1.602,4
-0.39805,-0.15921,0.36657,1.4591,-0.56755,1.1934,-1.2212,2.1751,0.014223,1.2187,-0.12582,0.86602,0.22855,-1.0226,0.033518,-0.0057412,-0.13488,-0.68884,0.58952,-0.45329,-0.39307,-0.16922,-0.22291,2.615,2.4568,2.0823,1.1602,-0.43402,0.29443,4
-0.61325,-1.436,0.53568,0.073397,-0.47154,-0.044809,-0.14909,0.9065,0.7428,1.4628,0.067486,-0.41414,0.40888,0.41277,1.7814,-0.63978,-0.47299,1.4377,1.7096,-0.74758,-0.40104,-0.33357,-0.35166,0.042917,1.4117,0.63886,2.4132,1.8762,2.0577,4
-0.93821,-0.1298,-0.27668,1.067,-0.86481,1.171,-1.2,1.0042,-0.25485,1.4215,-0.011436,0.44168,0.20349,-0.3386,0.86998,-0.63212,-0.51813,-0.23026,0.24235,-0.75044,-0.52099,-0.33634,-0.25586,0.013473,0.44197,0.24228,1.1723,-0.085238,0.12861,4
0.74839,0.13732,0.62976,0.10728,1.2324,-0.41649,1.7011,-0.56992,0.50995,1.2754,-2.2141,3.2891,-0.41708,-1.1327,-0.53227,2.3115,2.1373,-0.99899,0.15721,0.92992,0.17915,2.406,3.2237,3.0034,2.601,2.001,1.0519,-0.71918,0.10708,4
-0.34873,-0.87889,1.3428,0.39935,-0.72091,0.63469,-0.17156,0.53722,0.57231,0.4695,0.050873,-0.025125,0.0097386,-0.32327,1.1916,-0.50158,-0.537,0.57132,1.4833,-0.62855,-0.56435,-0.32449,-0.3693,0.5787,1.116,1.0946,1.6077,1.2073,1.7471,4
-0.46545,-0.62361,1.1326,-0.17099,-0.66697,0.0061445,0.064277,0.49673,0.38162,-0.027272,0.33744,-0.9624,-0.14161,-0.0036428,0.68209,-0.56924,-0.43225,0.43045,0.62402,-0.61356,-0.32407,-0.32914,-0.32309,-0.46734,-0.39217,-0.45354,0.046235,0.91286,1.5276,4
-0.67383,-0.19298,-2.8938,0.91178,0.32162,-0.034504,-0.0066409,0.41398,0.0076293,-1.1717,1.0233,-0.99881,0.70667,0.77236,-0.41455,-0.63414,-0.46804,-0.010525,-0.5516,-0.77775,-0.41684,-0.33471,-0.40644,-0.62769,0.17735,-0.77318,0.05672,-0.64129,-1.7152,4
-0.0076286,-0.50843,-0.65289,2.1896,-1.1877,1.3236,-1.0115,1.1039,-0.61683,-0.72645,1.1959,-1.3928,2.0084,0.53207,0.30623,-0.56526,-0.60393,0.29798,-0.78183,-0.53384,-0.40548,-0.33977,-0.44603,-0.57048,-0.68012,-0.34941,-0.076289,0.35259,-0.16527,4
-0.46206,-0.5372,-0.77452,2.2588,-1.1139,1.2063,-0.90966,1.0426,-0.37651,-0.84936,1.1981,-1.2967,2.052,0.59284,0.4011,-0.66284,-0.68855,0.29758,-0.76496,-0.71249,-0.51274,-0.34807,-0.45394,-0.59283,-0.64057,-0.39676,-0.03866,0.27259,-0.26361,4
-0.12974,1.0284,0.69704,2.5548,-0.87547,0.9423,-0.80168,0.86355,0.70248,0.0082836,1.1637,-1.5708,2.0981,-1.1088,-0.6846,0.46878,-0.28891,-1.3801,-0.34625,-0.048803,-0.68052,-0.10404,-0.24563,1.39,0.41205,0.79213,0.006146,-1.3223,-0.9218,4
-0.24097,1.1466,-2.6095,-0.77265,-0.031983,-0.045259,-0.31975,0.79883,0.46676,-1.4915,1.0913,-0.55267,0.29179,-0.014766,0.22183,-0.53508,-0.49832,-0.79633,-0.017054,-0.59904,-0.48251,-0.33117,-0.4045,-0.66809,-0.45165,-0.87217,-0.72162,-1.0592,-1.9848,4
-0.21824,-0.40078,-0.022169,-0.87864,-0.89279,0.00090181,-0.69821,0.34688,-0.20431,-0.50402,0.37956,-0.30624,-0.40302,-0.10327,0.52898,-0.44134,-0.12499,0.067135,-0.28404,-0.41009,-0.0011218,-0.29472,-0.28114,-0.725,-0.88347,-0.8449,-1.1716,0.052944,0.64077,4
-0.14253,-0.38707,-0.07127,-1.0692,-0.85762,0.11405,-0.67234,0.37314,-0.042574,-0.37973,0.32663,-0.32891,-0.38253,-0.15136,0.17702,-0.47155,-0.4814,0.028676,-0.41276,-0.40163,-0.28965,-0.32702,-0.39715,-0.75151,-1.0192,-0.86963,-1.3599,0.056533,0.67918,4
0.65046,-0.044702,-1.9615,0.44267,-1.3128,0.138,-0.67166,2.0115,0.69841,1.3101,-0.036742,-0.96616,-0.70403,0.23753,0.54102,-0.26839,-0.34032,-0.071008,-0.24048,-0.16702,-0.24939,-0.29621,-0.34906,-0.53267,-0.74324,-0.68474,-0.95749,-0.43404,-0.84221,4
-0.83721,-0.30901,-0.21422,-0.76942,-0.74438,-0.017752,-0.55189,0.32352,-0.1528,-0.43323,0.26371,-0.48183,-0.54674,-0.037476,1.0344,-0.43553,0.31618,0.038642,0.69538,-0.50354,0.43314,-0.23816,-0.14793,-0.70148,-0.77646,-0.84571,-1.1545,-0.14722,0.29749,4
-2.0144,-0.98191,-1.5047,-0.63123,0.17198,-0.70296,1.426,-0.54924,0.4534,2.4346,-1.9574,2.0754,-1.7871,2.4544,-0.032753,-0.83005,-1.029,2.203,-0.075991,-1.0201,-1.0696,-0.35839,-0.47955,-1.0878,-1.1298,-1.0755,-1.5162,1.6342,0.56423,4
-1.8387,-0.19384,0.90049,-0.14434,-0.9828,-0.5694,-0.96867,-0.22317,-0.88167,-0.87036,0.26435,-0.010082,0.62921,-0.43498,1.1165,-0.60129,-0.047845,-0.10406,0.39383,-0.71796,0.24156,-0.29822,-0.24681,-0.24029,-0.50456,-0.41173,-0.60221,-0.075509,0.65895,4
0.33405,0.53983,0.50442,-1.0866,2.3274,-0.22339,0.90641,-1.1872,1.4169,-0.97099,2.7702,-0.74166,0.57403,-1.1722,-0.88672,1.4768,1.5344,-1.4854,-0.31026,0.30538,0.045896,0.68254,0.74492,1.889,0.95638,0.86166,0.083294,-1.4689,-0.9226,4
-2.0854,-1.2918,-0.93089,-0.31644,-0.58829,0.11826,0.69074,0.33709,1.0576,-0.39766,0.36576,-0.98006,-0.11511,0.55796,0.59297,-0.77083,-0.7748,0.84394,-0.40023,-0.93977,-0.70228,-0.35361,-0.4579,-0.82519,-0.76593,-0.85902,-1.0761,0.59395,0.6483,4
-0.58651,-0.92896,-1.2827,-0.44092,-0.56437,0.022818,0.43562,1.0876,0.38699,0.27025,0.4279,-0.75561,-0.79289,0.30788,0.088956,-0.63652,-0.58318,0.4504,-0.53935,-0.68432,-0.47874,-0.34204,-0.42735,-0.81926,-0.98028,-0.89783,-1.2927,0.048488,0.27511,4
-0.20514,0.91356,0.39557,-0.073286,0.23427,-1.2952,0.60282,-1.4153,-0.6724,0.65702,-2.2718,1.7224,-2.0946,-0.34751,-0.042036,-0.44991,-0.42054,-0.41287,-0.26157,-0.34821,0.037599,-0.32307,-0.33011,-0.67531,-0.8607,-0.79256,-1.1458,-0.26635,-0.020687,4
-0.33461,-0.49582,0.39769,1.1504,1.1769,0.28535,-0.10026,0.31474,-0.37121,-0.92488,-0.29191,-0.88401,-0.20516,-0.11827,1.2781,-0.46619,-0.28778,-0.14016,0.42255,-0.51344,0.016906,-0.31216,-0.29854,-0.1631,-0.13092,-0.28121,-0.03287,-0.30066,0.26064,4
0.35797,-0.47661,-1.9187,0.1705,-1.106,0.31663,-0.94075,2.0453,-0.77689,1.4581,-0.82905,-0.10623,-0.67439,0.26922,-0.75348,-0.49311,-0.76065,0.11235,-0.91175,-0.34823,-0.60222,-0.34219,-0.43058,-0.79201,-0.98467,-0.87064,-1.1926,-0.28158,-0.35535,4
-1.1979,-0.024384,-0.06309,-0.51646,0.3401,0.20557,-0.56148,-0.4879,0.71635,-0.4526,0.077719,-0.50907,-0.54773,0.82946,2.0726,-0.67778,-0.64516,0.11497,0.021645,-0.71154,-0.34969,-0.34749,-0.45756,-0.90183,-0.98122,-0.88925,-1.1298,0.024401,-0.40792,4
-1.0189,1.5279,-0.38884,-1.4226,1.2341,-1.2721,-0.28036,-0.49553,0.40613,-3.4982,2.0825,-2.1503,-0.97326,-0.044101,0.56806,-0.61356,-0.21211,-0.28107,0.08416,-0.69581,-0.011719,-0.3148,-0.27976,-0.74377,-0.98482,-0.87177,-1.2705,-0.40916,-0.89364,4
0.43739,-1.003,-1.9406,0.50035,0.21088,0.2997,0.30824,0.45664,-0.80422,-0.028217,0.029591,-0.79908,0.36861,0.94261,0.20606,-0.42804,-0.21908,0.42511,-0.5984,-0.39873,-0.085995,-0.30265,-0.3408,-0.65292,-0.56666,-0.74593,-0.60734,-0.31861,-0.7135,4
-0.017962,-0.80005,-1.7021,-0.10688,-0.2446,0.19375,0.15392,0.81621,0.021725,0.12362,0.11237,-0.89402,-0.0073153,0.6005,0.41568,-0.56487,-0.61756,0.20534,-0.54473,-0.58135,-0.54328,-0.34002,-0.43776,-0.74102,-0.71825,-0.8367,-0.88645,-0.33752,-0.48629,4
-0.93541,-0.35476,-1.108,-0.60648,-0.8251,0.11486,-0.12356,0.74189,-0.3081,-0.25816,0.068544,-0.091629,0.72893,-0.053089,0.11813,-0.64591,-0.54736,-0.16583,-0.20234,-0.75619,-0.4953,-0.34011,-0.41354,-0.65191,-0.65644,-0.7575,-0.83933,-0.3855,-0.23781,4
-0.51774,-0.26983,-0.062228,-0.028776,0.47482,-0.66793,0.595,-1.1242,-0.37065,0.62982,-2.2355,2.1634,-1.7076,0.46262,0.18792,-0.50506,-0.72142,1.0579,4.1253,-0.28495,-0.39256,-0.3426,-0.46228,-0.89706,-0.92386,-0.88671,-1.1591,1.0101,0.8416,4
0.50593,-0.24887,-0.22356,-0.35402,-0.15396,0.19291,-0.24968,0.18329,-1.0569,-1.5402,-0.89122,-1.2443,-0.91781,-0.098878,0.33403,-0.20612,-0.13002,-0.23999,-0.43626,0.16745,0.4293,-0.27588,-0.27779,-0.75873,-0.9388,-0.8508,-1.1521,-0.46813,0.10885,4
-0.54596,-0.023984,0.7508,-0.11903,1.1752,-0.80554,1.4955,-1.2481,0.34167,1.2501,-2.0086,2.2491,-1.0598,-1.0997,-0.70051,-0.13014,-0.44158,-0.63877,-0.053726,-0.52123,-0.88034,-0.23277,-0.36523,2.2428,2.0111,2.0736,0.8962,-0.12416,0.46316,4
-0.40345,-0.65937,1.2651,-0.51651,-1.1109,-0.30079,-1.3117,-0.44572,-0.49286,-1.122,0.10536,-0.75517,0.4607,-0.25935,-0.72778,-0.59808,-0.94397,0.44091,-0.030945,-0.6338,-0.9562,-0.3515,-0.47434,-0.58356,-0.9183,-0.58944,-1.1394,1.1564,1.6901,4
-1.6289,-0.32203,-0.084731,1.8978,-1.1967,1.7043,-1.2398,1.0353,-0.08479,-0.61631,1.1302,-1.1545,2.3005,-0.22431,-0.48225,-0.77918,-1.0291,-0.018516,-0.80685,-0.95281,-1.0813,-0.35786,-0.47938,-0.29898,-0.52112,0.011642,-0.086157,0.40842,0.20303,4
-1.2575,0.2612,1.106,0.71466,0.12915,0.1453,-0.23123,-0.77865,-0.2066,-0.21733,-0.43895,1.4755,-0.41962,-0.91205,0.77631,-0.16636,-0.35739,-0.51418,5.7017,-0.54943,-0.46218,-0.25673,-0.36079,1.6169,1.988,1.1545,1.6154,-0.71769,0.17158,4
0.85211,-1.0478,-0.89926,0.098276,-0.85172,0.28545,-0.81746,1.4643,-0.70972,1.3248,-0.21548,0.80339,-1.2763,0.8,0.19698,-0.085553,0.44228,0.69894,-0.58323,0.18178,0.83513,-0.18054,-0.14716,-0.7416,-0.67022,-0.79466,-0.88982,0.49649,0.13118,4
-0.79393,-0.64495,0.66759,0.81201,0.64949,0.52095,-0.47368,1.064,0.52139,-0.19578,0.49844,0.35919,0.15133,-0.92955,0.52343,-0.32962,-0.41869,-0.48688,0.6856,-0.67112,-0.49943,-0.28028,-0.37311,2.7665,2.96,2.1272,1.5911,-0.37543,0.64574,4
0.25274,-0.90708,-1.3696,1.7886,-1.3642,1.0814,-0.3627,0.36258,-1.5154,-0.28653,-0.32019,-0.6617,0.95087,1.3918,0.73134,-0.55267,-0.57713,0.69141,0.010305,-0.4105,-0.27156,-0.3392,-0.44026,-0.96956,-1.1118,-1.0109,-1.4462,0.19018,-0.6315,4
1.1766,-1.5704,0.010894,0.0065076,0.030524,0.22902,-0.88615,0.22832,-0.37768,-0.33213,0.087594,0.35683,0.75468,1.3026,-0.55956,-0.36323,-0.63869,1.2898,-0.41144,0.37619,-0.35165,-0.33275,-0.41748,-1.0003,-1.0362,-0.92287,-0.88892,1.5907,1.3177,4
-0.032677,0.74462,0.44147,-1.2027,1.3444,-1.4288,0.89182,-1.996,0.099169,-1.0523,-1.1556,0.31927,-0.31588,-0.30403,-0.53784,-0.32587,-0.7587,-0.42804,0.63499,-0.031401,-0.49925,-0.32834,-0.4535,-0.7962,-1.056,-0.87996,-1.4409,-0.33548,-0.50601,4
-0.34945,-2.1617,-0.07299,0.17956,0.79721,0.47857,-1.6434,0.55406,1.1421,-0.0072712,0.23375,-0.88514,0.10187,1.7758,1.464,-0.65133,-0.43902,2.6095,1.7231,-0.7651,-0.51618,-0.33316,-0.38649,-0.70337,-0.092618,-0.59411,-0.018196,2.3285,1.9095,4
-0.49315,-0.032576,-1.2443,1.7031,-1.2085,1.6378,-0.95217,0.94731,0.76387,-0.54266,1.8487,-1.5938,2.0654,-0.012736,-0.36588,-0.66495,-0.93805,-0.21728,-0.66521,-0.70572,-0.96191,-0.35431,-0.47232,-0.58858,-0.81577,-0.46431,-0.53253,-0.087147,-0.45842,4
0.53059,-0.065322,-1.8978,0.96287,0.22134,1.0563,-0.35887,1.1319,-1.5818,0.98387,0.83566,-0.18484,-0.039245,-0.30983,0.75983,-0.12883,-0.35234,-0.3655,0.002078,-0.23188,-0.39023,-0.25216,-0.34845,0.74627,1.2699,0.82428,1.7969,-0.6002,-0.76602,4
1.0518,0.017199,-1.4563,1.5412,0.33885,0.79807,-0.4185,1.3339,-0.96749,0.8835,0.58993,0.28649,0.19005,-0.50271,1.2382,1.3211,1.6686,-0.56523,0.96456,0.60385,0.18418,1.1335,1.3432,1.7498,3.3281,1.3234,2.4914,-0.6638,-0.70016,4
-0.59565,-0.069355,0.36616,1.6498,-1.134,1.2109,-0.63831,0.86436,-0.20902,1.1041,-1.1495,0.71732,0.43444,-0.72581,0.72665,-0.45035,-0.73207,-0.54388,0.44374,-0.69437,-0.89279,-0.32235,-0.44182,1.4908,1.9232,1.4245,1.683,-0.23197,0.18674,4
0.20038,-0.3646,0.62687,0.95832,-0.7945,1.0708,-0.82243,1.475,-0.24899,1.4903,0.13573,0.48284,0.097207,-0.7721,0.036747,-0.021206,-0.23552,-0.16695,0.25307,-0.13863,-0.31606,-0.21615,-0.21903,0.86359,0.80752,1.3,1.0198,0.35318,0.84845,4
-0.19481,-0.75211,0.38161,0.5736,-0.79782,0.71211,-0.32827,0.41677,-0.3911,-0.30035,-1.1457,-0.81678,-1.0302,0.071484,0.85119,-0.57702,-0.61063,0.41155,0.4202,-0.59907,-0.54415,-0.33899,-0.34347,-0.29634,-0.15654,-0.065669,0.70924,0.59742,0.93178,4
-1.2225,-1.4364,0.034709,0.34406,0.78285,-0.41634,-0.080299,0.68577,0.25846,-0.486,0.69582,-0.22814,0.79678,1.108,0.32269,-0.29844,1.2591,1.9682,1.463,-0.47911,1.1484,-0.030383,0.46559,-0.47192,-0.31069,-0.19102,0.77926,2.0214,2.0824,4
0.58776,-0.30897,0.081284,1.2337,-1.0918,0.85697,-0.87666,1.831,0.94297,1.8425,-0.19532,1.0158,-0.11712,-0.40085,0.45059,-0.012686,-0.35672,-0.13477,0.45463,0.0036058,-0.41349,-0.23486,-0.32686,0.31694,0.45142,0.52418,1.1847,0.091367,0.3814,4
1.125,1.9913,-0.25071,0.86842,-1.1064,0.72113,-0.1883,0.34597,1.5663,0.0095021,1.0605,-0.63321,2.6613,-1.0889,-1.1936,3.0089,1.4024,-1.5677,-1.1236,2.6413,-0.049415,1.8512,1.069,0.67213,0.5267,0.28139,0.42861,-1.609,-1.61,4
0.4623,0.40916,-0.60361,-0.47363,-1.7653,0.69697,-1.5179,0.58103,-1.3993,0.57432,-0.75409,0.94275,-1.1082,-0.53961,-0.90853,-0.092222,-0.83337,-0.74147,-0.59568,0.17198,-0.79682,-0.29804,-0.46336,-0.65942,-1.0354,-0.83148,-1.4316,-0.85224,-0.623,4
-0.1985,0.22086,-2.54,0.73672,-1.6974,0.26938,-0.38624,0.15058,1.395,-0.9766,0.91104,-0.7055,1.0507,0.12091,-0.53894,-0.5949,-0.70645,-0.40228,-0.89238,-0.61503,-0.73881,-0.34526,-0.44138,-0.79897,-0.97749,-0.9238,-1.3394,-0.52492,-1.198,4
0.22413,-0.44134,0.11821,-0.97489,-0.99578,0.14343,-0.66223,0.24039,-0.11298,-0.40112,0.10732,-0.48278,-0.38953,-0.15481,0.13165,-0.32457,-0.35944,0.09821,-0.28303,-0.13337,-0.10339,-0.30603,-0.36067,-0.74814,-1.0245,-0.85546,-1.3547,0.24769,0.81853,4
0.528,-0.30316,0.15017,-1.01,-1.0357,0.047274,-0.74077,0.23707,-0.24604,-0.36096,0.28747,-0.39242,-0.4686,-0.27138,-0.14914,-0.13415,-0.58742,-0.065201,-0.19945,0.21393,-0.33608,-0.2972,-0.43964,-0.74035,-1.0479,-0.85835,-1.4127,-0.0097539,0.7029,4
0.19756,0.85618,0.28318,-1.0679,1.3978,-0.94972,0.72248,-1.3916,1.2466,-0.24803,-0.6818,0.47121,-0.30484,-0.17472,1.1583,-0.27314,-0.73735,-0.53446,-0.094917,-0.081079,-0.6644,-0.31532,-0.44342,-0.46333,-0.1219,-0.49969,0.26111,-0.51273,-0.49652,4
0.53854,-2.2042,0.39999,0.42726,-1.0952,0.67281,-0.14067,0.82653,-0.06845,-1.1026,0.64184,-1.1082,0.78275,3.7276,1.7971,-0.61019,-0.53383,0.49773,-0.72316,-0.50881,-0.17526,-0.34009,-0.42195,-0.97137,-0.84704,-0.92516,-0.90344,-0.089604,-1.4225,4
0.55441,-0.65869,-1.8638,0.47033,-1.4758,1.1277,-1.2341,0.60005,0.28878,-1.1202,0.37428,0.53386,-1.1823,0.67775,-0.34446,-0.50026,-0.80976,0.2328,-0.89058,-0.27177,-0.76769,-0.34452,-0.45004,-0.92332,-1.0266,-0.96584,-1.2367,0.20727,-0.45372,4
2.4722,-1.2284,1.841,-0.61717,0.06196,0.84949,0.053106,0.25168,1.5995,-0.62427,0.54955,-0.38951,0.41654,-0.10843,0.88943,1.9957,0.7175,1.7961,0.18153,3.6033,0.30188,1.1516,0.70575,0.26552,0.53662,1.3634,1.4614,2.8895,3.5351,4
-0.37351,-0.1995,-0.008011,0.57804,0.11931,0.14705,-1.1822,0.56262,0.5246,1.2414,1.2443,1.0334,-0.08353,-0.39105,1.3491,-0.30557,-0.09023,-0.42064,0.85027,-0.45705,0.098628,-0.27034,-0.31288,1.1502,2.3273,0.86418,2.3074,-0.68602,-0.1598,4
1.3619,-1.6197,-0.18061,0.10221,0.13282,0.05346,-0.9338,0.38076,-0.54395,-0.57647,-0.015171,0.33205,0.65029,1.2548,-0.48615,-0.26738,-0.59245,1.2479,-0.92362,0.49537,-0.47538,-0.31898,-0.37935,-0.89323,-0.74381,-0.76329,-0.24764,1.5078,1.2276,4
-0.10873,1.5929,0.30927,1.2667,-1.3968,0.96022,-0.44738,1.1768,1.723,0.26556,1.5857,-1.0163,2.3128,-1.2177,-1.389,0.80112,-0.10421,-1.6098,-1.2085,0.17125,-0.69714,0.10471,-0.1729,1.7474,0.82578,1.138,0.4256,-1.6933,-1.314,4
-1.0797,-1.9286,0.00037213,0.73044,1.0387,-0.28327,-0.34714,0.75323,0.24555,0.048174,0.64432,-0.67451,0.61733,1.3357,0.97659,-0.37522,0.99179,2.4768,2.2753,-0.56174,0.84057,-0.10243,0.3197,-0.44098,-0.25452,-0.044354,1.2123,2.2765,2.0448,4
