1.1687,-1.0553,-2.7038,-3.0131,0.21028,-1.7312,0.83677,0.1471,0.69477,-0.2133,1
-1.8879,1.0796,3.6347,-0.55687,-1.8647,0.24531,2.8561,-0.21617,-0.97267,0.47997,1
-2.2691,-2.9496,2.1658,1.2949,0.38402,-1.6429,0.60559,0.67933,0.83714,-1.028,1
0.4166,0.24749,-0.6834,1.3441,-0.62754,-2.1503,-0.21962,-2.4212,-0.054773,0.94427,1
1.0692,-3.2463,0.12216,1.0512,-0.86216,-3.3065,-1.7742,-0.47366,-1.1745,-0.84218,1
2.7342,0.54319,4.0748,-1.5393,-1.0517,-3.7293,-0.87051,-0.49223,-1.3389,0.69675,1
-1.731,2.5045,0.58275,-1.7893,2.1887,-3.1061,0.54974,-0.23127,1.2135,0.56042,1
-2.6909,-2.8144,2.422,1.509,0.082075,-2.0858,0.74866,0.87869,1.1661,-0.98089,1
-3.7809,-2.4545,1.9925,-1.3442,0.7317,-1.9726,-0.85582,0.68847,2.042,-1.4697,1
0.72189,-2.9645,0.46725,0.53222,-1.1464,-3.3101,-1.3643,-0.34103,-1.0811,-0.28041,1
0.5425,-2.9759,0.34936,0.23418,-1.0388,-3.6245,-1.8925,-0.49286,-1.1134,-0.61478,1
0.6257,-2.9421,0.353,0.45231,-1.0979,-3.4934,-1.7582,-0.46783,-1.0547,-0.65785,1
2.7181,-0.083441,3.2996,-0.8286,-1.3185,-3.8148,-0.60118,-0.57739,-1.6236,0.88548,1
-1.7346,-3.2826,1.4466,0.16388,0.80133,-1.3025,-0.13461,-0.0016085,0.76486,-0.98073,1
2.5445,-0.36547,3.1838,-1.2106,-1.1192,-4.0932,-1.2402,-0.52733,-1.5368,1.164,1
-2.6719,1.5956,-0.059952,-0.95481,2.6151,-1.607,0.68313,-0.062091,0.73377,0.39926,1
0.74662,-2.9573,0.47368,0.57434,-1.1577,-3.5186,-1.4485,-0.25833,-0.94202,-0.24563,1
0.53835,0.27838,-0.47584,2.1645,-0.99176,-1.8682,0.88576,-2.0719,-0.15447,0.98772,1
-3.283,2.8065,0.95436,0.79123,1.5692,-0.2562,-0.00045639,-1.0616,0.98771,0.12113,1
-2.6732,0.87576,-0.37988,1.9387,2.698,-0.034135,0.41821,-1.1474,0.053052,-0.74028,1
-3.561,0.99602,-0.69194,0.62688,2.8034,-0.45684,-1.3309,-0.7626,0.71191,-1.2602,1
0.50133,-0.063546,-0.98105,1.2321,-0.52909,-2.0727,-0.37298,-2.3907,0.13567,0.87624,1
2.8293,-0.37805,3.3119,-0.84055,-1.0411,-3.9741,-1.1956,-0.41751,-1.4023,0.88011,1
-2.299,2.3516,1.8759,-1.385,-0.51033,-0.88948,-0.43769,-0.72065,-0.01519,-0.43388,1
-2.5848,0.7002,-0.58837,-0.77351,-0.73473,0.023502,-0.61147,-0.76892,0.70613,-0.83145,1
-2.0185,0.74934,-0.41592,1.1535,-1.6717,0.22041,1.3258,-0.56379,1.0762,0.34752,1
-3.5991,2.0942,-0.72137,-1.1065,-0.33662,-1.0404,0.20056,-0.53112,2.6925,-0.72239,1
0.63943,1.7374,-0.52472,1.4952,-3.1012,0.68213,3.5201,-0.31663,1.0931,1.7182,1
-1.6579,3.55,2.0654,-0.73403,-1.7253,0.16086,2.0979,-1.0988,-0.013308,0.85901,1
-1.2124,-2.9464,1.649,1.5511,-2.143,-1.7382,-0.23131,-0.47823,0.58217,0.086168,1
-4.0583,2.4428,4.5436,3.8081,-2.7992,2.4367,1.6797,-0.14091,-0.45864,-0.60271,1
-0.62166,4.8335,3.0697,-0.57819,-1.5487,1.693,3.0743,-0.42465,-0.0079381,-0.10817,1
-1.2416,0.72437,-0.98768,0.98683,0.049354,1.1306,-0.15188,-0.8612,0.94159,-1.4548,1
-0.56134,1.422,1.3582,3.2582,-0.39393,-1.1338,1.9507,-0.20624,0.42164,-0.068665,1
-4.392,1.2068,2.1423,1.5692,-0.82429,-0.23961,-0.36441,-0.20196,0.52255,-0.98606,1
-4.819,1.6041,0.95947,0.68499,-0.25984,-0.33529,-0.086508,-0.66741,2.4162,-0.605,1
-3.8742,1.9535,0.1329,0.38016,1.9685,-0.77571,-0.070534,0.33159,1.4772,-1.5399,1
-3.1285,2.0948,-0.29802,0.47179,1.3119,-0.24401,1.0613,0.21094,1.5656,-0.8922,1
-1.7155,2.6742,0.46833,-0.45278,1.3069,-0.47208,2.1005,-0.41495,0.30213,-0.19892,1
-1.5519,-0.14167,-0.68749,-1.0005,-1.1711,-0.14189,-0.49698,-0.54636,0.6276,-1.249,1
-1.9262,-3.401,1.5309,0.99164,2.2261,-0.39896,-0.16515,-0.29624,0.98408,-0.81652,1
-2.329,-0.35276,3.4604,-0.76481,-0.30466,0.37398,2.598,0.26321,0.28093,0.011544,1
0.46861,0.25334,-0.84654,0.69168,-0.46127,-1.8808,-0.50072,-2.7896,-0.069708,0.4252,1
-2.8077,-2.2891,2.2377,-1.1989,1.7659,-0.50918,-0.22783,-0.37075,1.0196,-0.82137,1
1.692,1.8029,1.9695,3.1718,-1.578,-0.13484,2.6184,-0.45519,0.17176,1.0615,1
-1.1638,0.77998,3.4688,-2.8364,-1.6787,-1.3233,1.7583,0.25943,1.3872,1.5405,1
-2.188,3.1458,2.4351,0.082801,1.3532,-0.014503,1.7694,0.25613,0.10278,0.29647,1
-2.635,1.9146,1.4038,0.22581,1.4942,-0.13643,0.82162,-0.003707,-0.078219,-0.073565,1
0.23187,3.8668,0.33024,-1.5163,1.134,-1.2062,0.96524,-1.0358,-1.0093,0.26076,1
-2.439,2.5488,0.57565,-0.7193,0.86511,-1.2731,1.4034,-0.082845,1.0422,0.82951,1
6.0475,1.7506,1.6391,3.2139,0.30918,0.53119,0.094912,-1.3982,1.2607,0.17881,1
-2.1683,0.35797,1.2816,1.4132,-0.64793,0.43449,-0.43527,-1.7405,0.9349,0.67724,1
-0.7386,3.8979,2.3061,-1.653,-0.063365,-0.96553,1.7862,-0.8477,0.32532,0.61653,1
3.0925,1.3071,-0.60892,3.0957,1.1584,0.32731,2.3492,-0.42463,-0.0017884,0.11688,1
-2.8443,3.6339,1.5015,0.0016506,1.5806,0.73023,1.0475,-0.69009,-0.12279,-1.1752,1
0.62916,0.90967,-0.14103,3.2929,2.5763,-1.895,0.98012,-0.41369,-0.67389,-0.44583,1
-0.071127,1.1332,-0.52544,2.1618,1.6882,-0.63994,1.4806,-0.19887,0.19206,-0.31143,1
0.086767,1.1902,-0.48531,1.4529,2.1471,-2.6131,0.48763,-0.54486,-0.45649,0.46005,1
2.4721,-2.4002,-0.091567,2.31,-4.1676,-0.3795,2.6904,-0.68287,-1.034,-0.58974,1
0.19938,-2.5977,2.9737,1.5608,-0.49373,-1.3407,1.4095,0.42749,-0.019971,-0.38383,1
0.7533,-2.6889,2.841,1.5434,-0.41591,-1.3502,1.3464,0.19948,-0.32993,-0.17078,1
0.56805,0.7519,3.2602,-1.763,-1.08,0.77588,3.1522,0.49751,-0.44163,-1.1175,1
-1.6329,0.59463,0.21663,0.65797,-0.426,-0.098564,-1.0186,-1.6619,0.50138,0.15936,1
1.2611,-1.3733,1.1831,-0.12412,-3.3279,-0.035488,2.3513,-0.64032,-0.042133,-0.019017,1
-3.3215,2.3988,0.61765,-0.35436,2.7779,-1.8178,-0.12306,0.11486,1.5288,0.36738,1
-2.087,-0.99804,2.5968,-1.3071,0.096236,-0.33177,2.1506,0.44275,0.26962,0.64894,1
-1.2524,-0.059519,3.5202,-1.9326,0.82084,0.40359,2.4259,0.46778,0.049391,-0.85663,1
-2.2164,3.6253,-1.4509,-1.4165,-1.8338,-1.7576,1.2514,-0.94203,0.32681,0.93477,1
-1.8383,3.1753,-1.9877,-1.7467,-1.9031,-1.5052,1.1699,-0.97904,0.18613,0.72431,1
-4.0567,0.60724,1.3256,0.45872,0.11216,-0.26275,-1.4868,-1.9024,0.66474,-0.38613,1
-3.8352,0.45679,1.3631,0.77045,0.23193,-0.087286,-1.1782,-1.9391,0.42817,-0.31116,1
3.5308,1.4359,-0.60459,2.7996,1.8617,-0.81906,0.38042,-0.6407,0.49398,-0.031981,1
-1.147,-1.2971,1.8836,-1.3169,-0.027621,-0.07259,2.0831,-0.31577,-0.25164,-0.1285,1
0.033166,1.0162,-3.185,2.2839,-1.4463,-0.99486,1.6276,-0.37341,0.43872,-0.58089,1
-1.297,-1.8387,1.0435,-2.0408,-0.00051329,-0.40914,1.4297,-0.29606,0.14355,-0.12217,1
1.1567,-3.8681,0.97314,2.8667,2.518,0.087996,1.1776,-0.43574,0.51248,-0.17058,1
-1.5426,1.7417,1.1784,1.1214,-0.6118,-0.88476,1.5045,-0.52998,0.81743,-0.084111,1
3.4533,0.08565,-2.029,4.9179,0.94531,0.4359,0.46675,-1.7829,0.027261,-0.11769,1
-1.4392,4.2028,-0.82351,-1.4901,-1.7411,-2.2524,1.1026,-0.22801,1.4662,0.19721,1
-1.4817,4.4149,0.12241,-1.955,0.50993,-2.4606,0.51837,-0.14989,0.39237,-0.5367,1
-3.3066,4.7846,0.025896,-1.256,0.9073,-2.2967,-0.15178,-1.3007,2.5135,0.63495,1
-1.8873,4.015,-0.32929,-1.8237,0.36352,-2.7845,-0.044556,-0.58357,0.90886,1.1034,1
-3.7475,4.6616,0.34216,0.71867,0.33331,-1.2242,0.72756,0.34153,1.3308,-0.91279,1
-2.0299,0.84403,0.0023994,-0.58643,-1.4908,-1.1078,-0.0085395,-1.1978,0.88116,0.24618,1
-2.5633,-2.8917,2.4718,1.8354,0.12815,-2.0765,0.83853,0.88954,1.0791,-0.94903,1
-1.5553,-2.5315,1.335,0.41542,-1.2348,-0.66442,1.3715,0.17124,-0.002011,-0.97755,1
-1.9268,-1.8563,1.9466,1.1803,-1.82,-0.18492,2.5758,0.15643,-0.23652,-0.61584,1
-0.35918,1.4456,-2.1875,3.3679,-1.9318,-0.62719,2.4615,0.016353,0.6394,-0.14722,1
-1.654,3.0515,-0.99674,-1.2217,0.77198,-1.3931,0.66535,-1.2602,-0.90009,-0.06131,1
-1.5797,2.6761,0.029411,-0.47975,1.0591,-1.3655,1.5269,-0.8423,0.53535,0.99437,1
-1.0159,3.1815,0.10159,-1.7635,0.42544,-0.78447,2.0037,-1.4356,-0.46095,1.2844,1
0.70595,-2.9794,0.37541,0.46744,-1.0457,-3.6569,-1.7158,-0.42223,-1.0141,-0.55974,1
1.1658,-2.3641,0.77839,0.58197,-1.5049,-2.6598,-0.38671,-0.07921,-0.74236,-0.18559,1
-0.41797,3.6196,0.31358,-0.9375,1.1063,-0.47685,1.5015,-0.36544,-0.54715,-0.17637,1
0.87439,1.1957,-0.30133,3.0662,1.9359,0.9507,1.4307,-0.90377,0.63701,-0.040157,1
-2.4646,-2.9233,2.4649,1.9667,0.10793,-2.1313,0.84778,0.8734,1.0069,-0.91102,1
-2.7787,3.3554,-0.46678,0.18748,-0.063936,-1.7608,0.96647,-0.99789,2.3659,0.76103,1
-1.2761,0.69343,-1.4661,-0.29759,2.6707,-0.01268,0.84706,-0.95445,-0.99846,-0.95211,1
-2.963,2.1763,-1.1943,0.57796,0.066035,-1.2259,1.2106,0.0096449,1.3253,-0.35414,1
-2.9447,0.73812,-0.40531,-0.38666,2.058,-2.1307,0.85121,1.1219,2.0624,-0.37462,1
-1.313,0.75623,-1.1904,-0.51556,2.9979,0.26872,0.74298,-1.3745,-1.1141,-1.2485,1
3.1803,-0.023325,5.784,0.56937,-0.25678,-0.83799,1.5115,0.58752,-0.32543,-0.90609,1
-0.86061,-1.1249,-1.6158,-0.28939,-0.029677,0.8078,-1.1368,-2.4623,0.28452,-0.94258,1
-4.134,0.57808,1.3889,0.34752,0.19649,-0.11298,-1.4929,-1.8451,0.62299,-0.2217,1
-0.25478,1.0454,-2.7358,3.1676,-1.5351,-0.76117,1.7823,-0.47761,0.5931,-0.50896,1
-1.7641,-3.0593,2.2635,2.2257,0.2253,-1.6358,1.0049,0.76885,0.58195,-0.93102,1
-3.4351,4.1381,-0.16006,-0.3638,1.0807,-1.7531,-0.77754,-1.9508,1.1037,-0.11084,1
-2.7954,-2.8116,2.4032,1.2633,0.14987,-2.1349,0.59058,0.88829,1.288,-0.98985,1
0.65436,-3.0411,0.39002,0.57368,-1.0198,-3.5943,-1.7182,-0.42712,-1.035,-0.58056,1
1.8854,-2.0268,1.4554,0.36484,-1.1486,-2.8944,-1.262,0.037128,-0.9861,-1.3948,1
0.92335,-2.6898,0.81733,0.96554,-1.2687,-3.3069,-0.70715,-0.24102,-1.2088,-0.48673,1
0.66363,-2.7905,0.66114,0.63702,-1.4646,-3.4236,-1.0813,-0.14821,-0.97961,-0.028988,1
1.2753,-2.9064,0.60655,1.8079,-1.2811,-2.8172,-0.66441,-0.12908,-1.307,-0.30412,1
0.61512,-2.7822,0.66749,0.80315,-1.4343,-3.3093,-0.97765,-0.16484,-1.1365,-0.21531,1
0.75,-2.8934,0.59849,0.65866,-1.3091,-3.4057,-1.2247,-0.18381,-0.98976,-0.084092,1
0.84335,-2.8239,0.51818,0.68713,-1.31,-3.4317,-1.1967,-0.26195,-0.97579,-0.41236,1
1.7893,-0.96881,-0.9395,-1.6742,-0.408,0.69008,0.60001,-1.1678,0.18026,0.57567,2
-0.66631,-1.2258,-1.2499,-0.93756,0.45796,1.5534,-0.39002,-1.3649,0.17645,-0.36826,2
1.6879,-2.996,-2.192,-0.82439,-1.2316,-0.53217,-0.24909,-0.010548,0.66983,-0.50784,2
-1.1412,-2.6334,2.059,-0.29553,3.5693,0.58983,0.21542,-0.76853,-0.095296,0.077206,2
-0.64413,-0.16625,0.12283,0.94978,-1.4323,2.6412,-0.91018,-1.0135,-0.42244,-1.3971,2
-1.5685,-0.66802,-0.29482,0.84363,0.69671,2.0747,-0.66289,-1.8021,-0.1919,-1.0024,2
-2.267,-0.89252,-0.28192,1.1754,0.61424,1.2411,-0.89429,-1.6866,-0.26844,-1.0021,2
-1.0506,-2.6783,0.98739,-1.2032,1.0215,0.87562,0.4362,-0.80936,-0.11323,-1.2766,2
1.7126,0.27631,-2.8677,2.9113,1.9539,-0.085094,-0.56251,-0.27942,0.097833,0.27906,2
2.1822,0.35793,-2.5529,-2.5218,0.62357,-0.62472,0.1885,-0.05263,-0.60711,-0.56359,2
0.35819,-3.582,-0.36869,-1.1884,3.5318,0.95842,0.12368,-1.2022,0.61315,-0.047212,2
1.4755,-0.8912,-0.13799,-1.8907,-1.9831,0.98098,1.7182,-1.9897,-0.67651,-1.1323,2
-0.39585,-0.62186,-3.5003,-0.5227,1.1538,1.1594,-0.74265,-1.0331,0.47232,-1.0297,2
0.63407,-0.0065185,-1.4567,-0.67634,-0.88198,1.1589,-0.33385,-1.0667,-0.54799,-2.0156,2
-2.4981,1.4784,1.479,1.8988,0.17409,1.9064,-0.52857,-1.6004,-0.81237,-0.36661,2
-0.094767,-2.3709,0.088479,-1.2334,0.68765,0.784,0.9438,0.027712,0.66576,-1.1926,2
0.53989,-2.6531,0.071803,-0.89378,0.32782,1.1626,0.47048,-0.41325,1.3619,-0.3397,2
-1.142,-2.0179,0.80342,-1.1653,1.3954,0.16246,1.1336,-0.16522,-0.46125,-1.7301,2
2.7872,0.016935,1.779,-4.2623,-0.27639,-0.9226,0.35221,-0.99317,-1.0582,0.93433,2
-0.19989,1.1897,1.9176,-0.28942,-0.4572,1.0539,-0.15202,-1.7735,-0.89761,0.13924,2
0.9778,0.41483,-0.72991,0.57708,1.1603,-0.46248,0.82488,0.097471,-0.75871,0.3797,2
0.87198,-2.7794,-2.0403,-1.8416,-2.0592,1.3012,0.13818,-1.5249,1.3383,0.27984,2
-1.7702,0.18777,-0.32263,0.96864,-1.1399,1.4597,-0.42818,-1.4001,-0.26233,-0.39942,2
6.2046,4.4309,0.96186,-3.2541,-0.1109,1.6381,0.77257,-0.75456,-0.044731,-1.7831,2
1.5633,-4.2788,-0.47094,1.8669,2.5906,0.53337,0.28909,-0.56973,0.97,-0.20116,2
0.75112,0.11418,-0.86424,1.6778,-0.40267,1.331,-0.34139,-1.7248,0.022009,0.35169,2
1.3642,-1.1979,-2.3834,0.54708,0.79857,-0.19748,0.76848,0.10712,-0.6932,-0.97017,2
1.7804,-0.23671,-1.8888,-0.36947,0.64945,-0.21695,0.34681,0.2626,-1.1883,-1.4535,2
0.32035,1.7206,-0.54828,-0.48699,0.9051,-0.63258,1.3534,0.78724,-0.89232,-0.96555,2
0.49969,2.3802,-0.53461,-1.9934,0.43832,-1.4368,0.78638,-0.61361,-0.52105,1.5316,2
-1.5037,-0.077811,-0.54897,1.2366,-2.4382,1.9332,-0.46341,-0.42483,-0.18433,-0.96772,2
-0.38489,0.046654,-0.86072,0.98778,-0.92504,1.4144,0.059667,-0.59439,-1.145,-0.78672,2
4.2202,0.27572,-2.3623,2.5669,0.82235,-0.60617,0.662,0.25619,-0.1561,-0.14126,2
4.0525,0.7488,-1.98,1.1008,0.56663,-0.90581,1.0007,0.43118,-0.3385,-0.25126,2
3.7795,0.27546,-1.9154,3.5592,0.8239,-1.2408,0.73895,0.45089,-0.67618,-0.17581,2
9.3818,3.2069,0.7276,2.2996,1.8742,0.60657,-0.74485,-0.17491,1.1794,-1.5632,2
4.6059,-0.37018,-2.6214,2.1093,0.95166,-0.47998,0.38231,-0.21215,-0.20127,0.43267,2
4.2075,-0.41031,-2.9831,4.0883,1.4568,-0.14227,0.15817,-0.49233,0.30653,0.060977,2
3.5215,0.32583,-1.4735,1.1405,-0.6762,1.0797,-0.11789,-1.1444,-0.21041,-1.3045,2
1.1217,1.5942,-2.0978,0.099856,2.2633,0.20548,0.71349,-0.11965,-0.18321,0.68058,2
0.50627,1.1386,-2.993,-0.93461,-1.1789,0.092255,0.47816,-0.5909,-0.4209,-0.29505,2
-1.93,-1.9553,0.81312,-0.93623,-2.4484,0.18095,0.96064,-0.84631,-0.28059,-0.52007,2
0.88011,0.35431,-1.0893,-0.46049,-0.8431,1.1472,-0.021079,-1.208,0.6939,-0.68905,2
0.76619,-1.4763,-1.8842,-0.28455,-2.8271,1.2009,-0.062663,-2.3518,0.35806,-0.032965,2
-0.25722,-3.7692,0.076559,-0.80537,2.1713,0.71704,-0.37292,-0.53026,1.1928,0.40408,2
-1.4428,-2.2135,2.9823,1.9811,2.5042,3.1613,1.3111,-0.27408,-0.63041,-0.69928,2
-1.1098,-0.8629,-1.7633,0.42906,-1.0313,0.9578,-0.56133,-0.91269,0.15811,-0.57007,2
0.14495,-3.48,-0.91636,-0.45917,-0.36483,0.73044,0.51312,-0.46453,0.20913,-0.77824,2
1.0482,-1.0915,-0.24981,0.29148,-4.3884,2.5566,-0.091022,-1.655,0.30297,-0.68699,2
-0.80931,-2.3278,0.20104,-0.74396,2.5382,0.20913,0.16318,-0.7158,0.6245,0.86737,2
0.023843,0.65581,-2.7576,0.053768,-0.71765,0.59095,-0.17498,-0.24495,-0.15219,-1.3993,2
-0.6498,-3.0786,0.40976,-1.4697,1.7679,0.53563,-0.046334,-1.4275,-0.119,-0.61834,2
1.336,-2.7522,0.82933,-0.2772,3.6802,0.3433,-0.038884,-0.77525,-0.10354,-0.47204,2
0.87832,0.72377,-0.81469,-0.22172,-0.029147,0.54781,-0.049543,-1.4112,0.71842,0.37684,2
0.092039,-2.2659,2.0385,-0.73941,0.21652,1.1479,0.69043,-0.18592,0.77699,-0.11977,2
-1.2062,-2.3868,0.54395,-0.84128,0.29839,0.84147,0.84391,-0.43806,0.94918,0.0041655,2
1.1573,-2.5917,0.13158,-1.5076,-2.3761,0.20514,0.37609,-0.68066,0.92281,0.77232,2
1.9754,0.24811,-1.8508,-0.87412,0.5642,0.72394,0.23351,-1.0785,-0.18464,-0.4315,2
0.077653,-0.13876,-0.78706,2.153,-0.42299,1.6756,1.8384,-0.46662,-1.5046,0.73899,2
2.2405,-0.025775,-2.6957,2.1469,-1.1015,1.2474,0.57189,-1.0102,0.91949,0.24047,2
1.4658,-3.3089,0.78127,1.9427,-0.025889,1.2117,1.074,-0.57916,-0.97678,-1.1454,2
0.10701,-1.0522,1.8186,1.2369,0.09554,1.6728,0.54981,-0.51065,0.55889,-0.455,2
3.6593,2.0162,-0.21943,-2.1376,1.7244,0.041535,-0.86193,-1.35,0.094203,0.095211,2
3.0083,0.58761,-1.1551,-0.68543,1.6085,0.36768,0.744,-1.1117,-0.076669,-0.017623,2
4.0109,-2.8714,-1.7491,0.10236,-3.0461,0.44917,0.37629,-1.4452,1.1862,1.5831,2
1.7168,-0.7077,1.6683,0.18907,-1.9591,2.5457,0.94312,-0.95946,1.0341,0.33533,2
1.5898,-2.1857,1.7487,0.95408,1.696,0.34879,1.9421,-0.68216,-0.54099,0.044033,2
0.92808,0.41465,-2.0707,0.39513,1.3173,-1.2788,-0.27579,0.052026,-0.20515,0.77182,2
0.49854,0.67443,-3.1039,-0.19881,2.5528,-0.33386,-0.72847,-0.38121,0.20757,-0.1283,2
-1.2817,0.66943,-2.616,0.68153,1.2415,0.25474,-1.2277,-1.1439,-0.54159,-1.1142,2
-1.1366,-3.4371,0.67262,-0.11699,3.6587,0.84339,-0.19604,-0.27816,0.94341,-0.65945,2
0.9016,-3.4988,0.3228,-0.55679,1.9419,0.34345,0.2265,-0.035336,1.1622,-0.43324,2
1.8303,-3.5597,-0.37606,-0.68722,1.1835,0.092631,0.23054,-0.62921,1.008,0.58639,2
5.9881,-1.8744,-0.8177,0.96488,-2.8403,-0.12968,0.71893,-0.40082,-0.1404,-0.33498,2
9.0798,3.2253,0.62266,0.54867,2.1627,-0.24028,-2.4694,-0.3253,1.7751,-1.0682,2
5.8168,-0.1484,-0.011503,-1.2865,-2.0349,0.54404,0.52916,-0.23754,1.0307,-0.85778,2
2.1457,-2.7041,-2.2764,-0.57679,-1.8965,-0.19232,-0.13004,-0.96741,-0.045003,0.15394,2
1.751,-2.9808,-2.0313,-0.74368,-0.74524,-0.70374,-0.19788,0.15714,0.66816,-0.76658,2
1.5907,-2.9727,-1.9923,-0.44158,-1.5756,-0.50485,-0.28214,-0.49008,0.39134,-0.62222,2
2.7371,-1.3508,-0.17748,-2.6123,-0.88845,-0.2058,-0.045263,-0.043392,0.74136,-0.65948,2
0.58631,-0.75663,-4.5449,-3.3826,2.9541,-0.31496,0.28985,-1.1011,0.30275,0.31341,2
-1.9063,1.1457,0.88918,1.2111,-0.91915,1.7266,1.3113,0.36287,-1.5984,-0.54639,3
-1.1911,1.0514,-0.7182,-0.33851,-0.51217,0.23012,-0.57834,0.63345,-0.74899,-0.11381,3
0.68621,-2.9054,-1.5591,-0.10723,-1.994,-0.65922,-0.42112,0.77047,-0.618,-0.90159,3
-1.5948,0.7095,-0.36895,-0.064529,-0.59716,0.97163,-1.1888,-1.1544,-1.2418,-0.5503,3
0.14471,1.661,-2.8913,-1.5764,1.8953,0.23142,-0.59412,-0.57463,-1.6832,-1.1644,3
1.1959,1.9238,-0.87423,-2.2158,2.3739,0.89907,0.064868,0.045455,-1.4415,-1.2688,3
-1.0958,-1.1304,-1.2087,-0.1059,0.10694,2.2527,-0.99205,-0.60355,0.37816,0.6964,3
-2.2245,-0.80641,-0.14342,0.97304,0.11805,1.8797,-1.3931,-0.56844,0.00059889,-0.60423,3
1.9944,-3.2409,0.11519,1.1231,1.268,0.32593,0.56606,0.88067,0.494,1.5746,3
1.4931,-2.903,0.21661,0.79343,0.78771,0.5598,0.87838,0.89643,0.40322,1.3166,3
1.0271,-2.4654,-0.64662,-2.5844,-2.0483,0.9186,-0.012877,-0.13387,0.87881,0.75684,3
3.1932,-4.1361,-0.63881,1.6345,1.5025,0.4638,0.13434,-0.079893,1.098,1.2114,3
-2.7045,1.5594,0.23342,-0.22852,-0.37024,1.5556,0.21901,-0.36244,-1.331,-1.0641,3
2.0769,-0.21545,2.169,-4.1652,-0.94852,1.1534,0.54362,0.18901,-0.32668,0.098328,3
-0.19026,-1.5514,1.2255,-2.7214,-1.7086,0.50889,0.77445,0.2895,0.05734,1.2218,3
-1.3017,-2.1683,0.10854,-2.2106,-0.058757,0.36902,-0.26607,1.1336,0.25022,-0.11587,3
-1.4876,-0.33821,-2.9011,-1.5079,-1.0345,-0.26107,-0.11303,1.9073,0.86113,-0.14221,3
-1.5023,1.1507,-2.5877,-0.75638,0.093635,0.65312,-0.48279,0.48792,-0.39872,-0.98661,3
0.17722,-2.4929,-2.0005,-1.0901,-3.387,1.4844,-0.66426,0.31808,0.85684,-0.027046,3
0.082217,1.0883,-2.7248,-0.86783,1.8118,0.77727,-0.52288,-0.079023,-1.2014,-1.1752,3
0.25911,-0.96522,2.362,-2.1204,0.68325,1.4287,0.24482,0.6648,0.30868,0.6174,3
-2.1525,1.0359,0.79917,-0.51463,0.52033,0.37753,-1.2305,0.085812,-1.4605,-0.4945,3
1.201,0.84533,-0.62066,-0.79316,2.7453,0.79903,0.14554,0.10717,-0.45341,0.85558,3
-0.64979,-2.5225,-0.51804,-1.5169,-0.3556,1.6439,-0.56655,-0.26862,0.3816,0.039406,3
1.0784,1.5161,-0.3439,-1.6771,2.778,1.4711,0.12038,-0.098651,-0.84816,0.10799,3
1.9379,-1.4777,0.56316,-3.7824,-1.9341,1.2619,0.10225,0.19675,0.37555,0.32394,3
-0.19235,-1.393,0.38462,-2.0494,1.5794,1.0856,-0.88233,-0.62635,-0.057403,0.99077,3
-1.647,-3.0397,0.0072082,0.12946,0.49245,1.2539,-0.32899,1.1101,0.55493,-0.74172,3
-0.99529,-3.0521,-0.71203,-1.1439,0.83546,1.3055,-0.98312,0.73958,0.7381,0.26059,3
0.88223,-2.2701,-2.3502,-2.4831,-2.5456,0.81997,-0.007107,0.43314,1.2706,1.4406,3
-1.6432,1.5203,0.26553,0.30653,-0.067656,0.57134,-0.36944,0.084163,-1.3227,-0.38235,3
-0.37104,0.85876,-0.96183,-1.8112,0.28366,0.87604,0.060855,-0.16646,-1.218,-0.85637,3
-0.065102,1.0175,-3.0054,-0.63688,1.5636,0.49213,-0.28052,-0.34424,-1.8019,-2.2874,3
-1.2022,-1.635,1.1047,-2.3987,0.48212,-1.3232,-0.86051,1.0074,-0.34468,-0.34282,3
1.4801,-0.96057,0.88492,-2.5084,-0.32128,2.2918,-0.14041,-0.3302,0.33965,2.1485,3
0.751,-3.4247,0.92136,-0.35643,2.2707,-0.098239,-0.41296,0.098706,0.12551,1.2871,3
6.6145,3.9146,3.3001,1.7075,0.96713,0.86022,-3.515,-0.76357,1.5062,0.13937,3
-3.8974,1.4519,1.3755,0.78486,-1.4301,0.08535,-2.3681,-1.2071,-0.68674,0.10353,3
1.4553,-1.668,2.4071,-1.0282,0.84522,0.5525,0.96906,0.23994,-0.92426,0.91774,3
-2.5342,1.4684,3.2397,-0.69766,1.7233,-0.028942,-0.97423,-0.48363,-1.162,1.1744,3
-0.54317,0.95323,1.6748,-1.2028,1.5113,0.21518,-0.10135,0.20193,-1.2159,-0.014296,3
3.2884,0.71507,-0.97494,1.9377,1.1787,-0.39349,1.1546,0.62029,-0.92863,0.89642,3
-0.6837,-2.6989,1.9057,0.19748,1.4887,-0.83916,-0.132,1.1879,-0.10246,0.30175,3
-0.27431,-1.4011,-1.2119,-2.7011,-3.2607,0.68509,0.15796,0.063233,-1.4236,-0.22703,3
1.4901,-1.2954,-0.39634,-2.484,-0.27949,1.1372,0.40641,-0.49524,-0.35808,0.47546,3
1.357,0.91923,-4.4744,1.1371,-1.5439,0.2036,-0.30174,0.10536,1.1566,-0.040853,3
-1.3733,2.1946,1.4224,-0.47695,-1.6446,-0.14177,0.38232,0.41636,-1.1448,-0.51596,3
6.2792,6.3646,3.6381,-5.4576,1.1886,0.46324,1.0227,0.89794,-2.9233,-1.9713,3
-1.7628,0.058226,-1.3918,-0.17937,-0.26889,0.46974,-0.55254,0.82357,-0.30672,-0.9307,3
-0.297,0.76511,-1.0223,-2.1447,0.8142,0.26546,-0.84332,-0.82408,-1.3687,0.52199,3
0.59323,0.61493,-3.4205,-1.7628,0.62943,-0.093567,-0.027587,0.15135,-0.86475,-0.90402,3
-1.9875,-0.18407,-0.52461,-0.16029,-0.18332,2.0156,-1.0197,-0.26769,-0.33004,0.84823,3
-1.1352,-2.6775,0.79573,0.51054,2.762,0.31311,-0.83753,0.79748,0.7849,0.93809,3
-1.2783,1.4519,0.11239,-1.1543,-0.55451,0.062542,-1.2842,0.42055,-1.0153,0.10823,3
-0.41012,-2.7473,0.73223,-1.1293,1.465,0.76262,0.13215,0.16083,-0.6409,0.21218,3
-0.81139,0.86911,-1.8754,-1.6321,1.5078,-0.61137,-0.84235,0.60014,-0.4589,-0.19546,3
3.2653,0.99338,-1.1657,2.1616,0.84997,-0.26823,1.9404,0.92602,-1.7158,0.01352,3
4.8766,2.6665,1.6684,-4.2708,0.33649,0.94192,1.6879,2.5356,0.13038,-2.1518,3
1.3181,-3.3552,-1.4038,-0.21027,-0.56064,0.5268,0.041422,0.34159,-0.011086,0.086142,3
1.553,0.12301,-0.98483,1.2396,0.63508,0.056909,-0.22675,-0.46509,0.040728,1.3262,3
7.3306,-0.40596,3.903,0.61863,-0.82924,1.0578,-0.71062,1.5576,1.7125,-0.85456,3
-0.79612,1.7409,0.32117,-0.72996,-0.22319,0.61485,-1.4349,-1.7944,-1.7651,-0.039898,3
-1.316,-2.4424,2.1172,-1.6039,2.4224,0.55901,-0.77633,0.016828,-0.093632,1.0432,3
-1.0591,-2.4779,1.525,-1.504,0.76481,0.18038,-0.0010036,0.20805,0.33652,0.89275,3
-1.6883,-2.6142,1.5739,-1.0228,3.7829,0.52705,-0.62416,0.57769,0.13686,1.0172,3
-0.47104,-2.8437,1.1441,-0.95311,3.844,0.33493,-0.56949,0.30857,0.4189,1.5749,3
1.2984,-1.0747,-1.3447,-3.2829,-3.9567,0.30775,0.49627,0.42773,0.70177,1.5723,3
0.73216,-1.3939,1.5434,-1.6947,-1.5634,0.62343,0.83858,0.72481,0.041508,1.0226,3
-0.56095,1.9208,-1.4412,-2.1257,-0.13091,-1.1154,-0.55114,0.59491,-0.67669,0.31998,3
-1.5763,-2.9724,-0.051163,-0.29124,0.51021,0.18424,-0.63394,1.3049,0.39618,-0.79249,3
-0.66036,2.1315,0.60489,-1.3063,0.052315,-0.40256,-0.53545,-0.52695,-1.4048,0.68608,3
10.271,2.6101,4.6316,-1.7027,-1.8454,0.77602,-1.746,1.219,1.5223,-1.0219,3
3.3293,1.9218,-0.28957,-2.6711,3.1943,-0.43874,-0.79557,-0.68596,-1.233,1.0374,3
-3.3989,1.488,2.0637,2.0761,-0.83955,0.26031,-0.86965,-0.87886,-0.88418,0.86961,3
3.073,1.2386,-1.479,1.8477,1.7582,0.21029,0.60531,0.50619,-1.6232,0.32699,3
1.2255,-3.0447,-0.8754,-0.074415,1.0623,1.7591,0.12758,-0.94423,0.66142,1.4502,3
12.265,6.9708,6.3105,0.62523,1.3777,1.573,-4.9789,-0.012044,4.0459,-1.3426,3
2.8237,0.78877,-3.524,1.6991,-1.0682,-0.33805,-0.078157,0.25338,1.2532,0.97236,3
-0.24367,-0.74275,0.075409,-1.665,-2.0759,1.68,0.72147,-0.27974,0.31021,1.1322,3
-0.37977,-2.5832,1.8887,-0.59284,1.0825,0.057642,-0.11617,0.73776,-0.23079,0.74593,3
-0.81179,-2.2686,-2.9775,-1.3368,0.046225,0.058618,-0.6883,1.8237,1.618,-1.8149,3
0.84008,-2.6438,-1.9482,-3.139,-2.0491,0.87771,-0.53519,-0.60639,0.42051,0.03835,3
0.14855,-1.2085,2.8994,-1.2394,1.2299,1.3171,0.75853,1.149,0.38609,2.3409,3
0.32818,-1.6739,-3.1219,-2.4125,0.15371,-0.74614,0.50387,1.6507,0.72302,-0.84234,3
0.99286,-2.4209,-1.8741,-1.2032,-2.6185,0.14945,0.29084,0.52528,-0.34812,0.41742,3
4.0741,1.6714,0.54732,-3.7507,0.5016,0.44402,1.4843,1.9587,-0.15809,-1.9853,3
-0.03392,-1.7931,-2.8321,-2.1107,0.58972,-0.86419,0.44364,1.7698,0.95542,-0.43114,3
-2.9333,0.97347,-0.36225,-0.24667,-1.1261,-0.32929,-0.76534,0.81652,0.086178,-0.18596,3
1.112,0.30928,-2.0922,-0.67173,3.2028,0.34949,-0.77853,-0.2692,-0.62019,0.49016,3
-1.6215,-0.096863,1.0847,-1.1453,-0.78193,2.4529,-0.66429,-0.95018,-0.68285,1.0489,3
-2.364,-1.7302,2.3769,-1.0412,2.6176,0.47107,0.26053,0.52275,-0.58808,0.83553,3
1.5051,-2.4177,-1.6443,-3.1309,-2.5935,1.1699,-0.21676,-0.51652,1.4718,1.1493,3
-1.415,1.3472,-1.4264,-0.69123,1.0916,-0.53015,-0.85609,0.039289,-0.65979,-0.048897,3
7.956,1.3336,3.6084,-1.188,-1.9217,-0.026698,-0.80703,1.173,0.22223,-0.15657,3
7.7587,0.73911,3.1388,-0.3399,-2.0493,0.14677,-1.1942,1.5147,0.80572,-1.0616,3
9.5581,2.2029,3.9679,-2.1117,-2.4456,0.3651,-1.479,0.90843,1.0879,-0.3991,3
3.5105,2.4066,0.40487,-3.3331,2.3816,0.47223,-0.32709,-0.41883,-1.3392,0.51482,3
-1.487,-3.4838,0.8975,0.5176,3.0728,1.1079,-0.70293,0.66062,0.86433,0.22842,3
6.7171,4.1539,1.9809,-2.0112,0.21652,0.36907,-1.0036,-0.71703,0.61172,0.69658,3
0.76522,-1.1817,-2.4071,-2.2768,0.39125,-1.0218,0.66903,1.9007,0.84895,0.052695,3
-5.5957,0.9478,1.9986,1.9076,-2.89,1.1346,-2.6602,0.84033,0.22328,-0.80103,4
1.6017,-0.51244,-0.89266,4.7847,-0.01789,0.54995,-0.19442,0.39932,-0.82903,0.64867,4
-2.1377,1.5434,2.0948,2.8149,-2.3495,1.0291,-1.3379,1.4193,-0.20439,-0.82129,4
-3.3017,1.6613,2.2734,2.5839,-2.3711,1.3117,-1.3732,1.329,-0.11788,-0.4837,4
-1.2002,2.6458,-0.63586,1.0761,0.46734,0.52177,-1.2556,1.8453,0.63151,-1.153,4
-2.3181,-0.45743,1.3339,1.7261,0.1807,1.5965,-0.16786,1.1712,-0.35097,1.2081,4
-3.4869,2.1027,1.5378,1.473,-2.2726,1.5973,0.28908,0.73016,-0.25584,0.14952,4
-2.8864,1.6365,0.19555,0.054583,1.7883,0.46529,-1.7597,1.3265,0.18249,-0.025052,4
-4.7549,1.0056,1.9499,1.0529,-2.3489,1.0553,-2.9573,0.61077,-0.45155,-0.44513,4
-5.0405,1.8908,3.3214,2.027,-2.7269,0.8991,-1.7548,0.90065,-0.23268,0.38946,4
-5.144,0.77028,2.1405,1.857,-2.4386,2.2136,-2.848,0.030834,-0.10711,0.09735,4
0.40451,-0.19154,2.438,-3.4217,0.37712,1.0481,1.0086,1.2353,-1.2502,0.6034,4
-0.84321,2.9468,-1.8811,-0.69036,-1.7791,-0.47978,0.14911,2.0479,0.32847,-0.48173,4
-0.71666,1.7031,-3.2291,0.31848,-2.101,-0.41928,0.44885,1.6498,0.44994,0.22499,4
-1.1778,1.8205,-3.1923,0.67282,-1.6833,-0.4026,-0.19176,1.2102,0.53473,-0.23394,4
4.9098,2.4647,0.19626,4.3181,0.80947,-0.43766,0.6157,1.8074,-1.6651,0.034162,4
0.45211,0.36907,-3.352,3.0582,-2.2153,0.068641,0.80191,1.6536,-0.21959,-0.40469,4
0.57687,0.1853,-2.9903,3.1517,-0.44376,0.008698,0.59322,1.4805,-0.49986,-0.62558,4
4.3297,2.3614,-0.19148,3.8538,1.9945,0.92171,-1.0879,1.1499,-0.37339,-0.082529,4
-0.97201,0.83882,0.48719,2.603,-0.59197,0.53095,-0.87157,-0.076103,-1.0449,1.5004,4
2.0729,0.57665,-1.8835,4.5685,1.5143,0.37431,-0.45396,0.91948,-0.46256,0.99041,4
-1.9058,0.36723,1.274,4.475,-1.1644,0.85636,-0.64855,1.3831,-0.11484,0.96778,4
-0.59988,0.7302,-1.7669,2.3479,1.0895,0.62537,-0.035684,1.4985,0.099835,0.4181,4
5.9978,-1.1753,3.7003,2.1187,2.889,0.92351,-0.47982,1.559,0.88171,0.3073,4
-0.94188,0.15343,0.3438,3.8883,-0.52897,1.3887,-0.75423,0.11669,-0.42243,1.2574,4
-1.8095,0.22292,-0.018629,0.93089,-0.99611,1.4741,-1.3935,0.13974,-0.34085,0.71173,4
-0.77856,0.47691,-2.4928,-0.96711,-1.4652,-1.0559,0.77681,2.7201,-0.023116,-0.46449,4
-1.4008,2.7061,-2.922,0.3758,-1.2009,-0.62768,-0.67903,0.82448,0.48515,0.05379,4
-1.5492,2.4413,-3.0496,0.45599,-1.3633,-0.48459,-0.49596,1.0437,0.76172,-0.07101,4
2.5189,0.96295,-3.8258,1.0253,-0.79915,0.17145,-0.57543,0.17238,0.88393,1.1447,4
-0.17249,-0.044472,-2.7645,-2.0144,-1.4292,-0.057573,1.0476,2.2537,-1.142,0.14709,4
-1.5588,0.62377,-0.73307,-1.0517,-0.27009,1.1539,-0.99785,0.40138,-0.90616,0.30397,4
-1.6916,0.3699,-0.97723,-1.232,-0.22004,0.98638,-1.3642,0.3233,-0.82971,0.50746,4
-0.95854,1.5015,-1.6889,-0.84767,0.67551,-0.77999,-0.31236,2.3923,-0.39542,1.6018,4
-1.443,0.73859,-0.42144,-0.82822,-0.42574,1.7466,-0.21351,0.93637,-1.0178,-0.088801,4
-4.7823,-1.8081,2.0215,-0.6038,2.1485,0.1522,-1.3488,3.1949,1.6361,0.037274,4
-1.2818,0.18165,-1.0245,0.19367,-0.4747,2.3257,-0.32248,0.12675,-0.56223,-0.94709,4
4.6407,-1.4893,-0.029502,-0.56065,-2.8396,0.55882,-0.46332,0.39791,-0.27491,0.60308,4
-2.9049,-0.11359,-0.88661,-0.30894,-1.4739,0.67117,-1.2318,1.6885,0.69493,0.016204,4
-2.1725,0.24875,-0.98741,-1.0104,-0.30151,-0.12357,-1.3266,1.7739,-0.25444,0.47633,4
-1.2271,-2.3225,0.92661,-1.7998,2.9727,1.4086,-0.016457,0.7306,-0.56196,0.4921,4
-0.93438,0.29862,-0.41703,0.65806,-0.54394,0.82069,0.2269,0.64203,-0.64047,0.21976,4
-1.7186,1.1685,-1.929,-1.1106,2.0997,-1.0199,-1.4468,2.0883,-0.55191,0.51456,4
-2.3119,-0.17867,-0.53083,-0.87082,-0.95545,1.3967,0.43096,1.1072,0.15576,0.5738,4
-0.70202,-1.0876,-1.3557,-2.671,-3.6251,1.5681,0.25023,0.31821,-1.9328,-0.48558,4
-1.4645,1.0558,-0.9041,-1.0692,-0.21628,-1.2427,-0.059316,2.1298,-0.3165,-0.050885,4
-1.7364,0.5584,-1.3334,-1.0258,-0.37314,-0.68663,-0.42371,2.0094,-0.21855,0.44526,4
-1.398,0.14051,-1.8761,-0.80701,-0.21869,0.49202,-0.53592,1.5328,-0.34388,-0.33826,4
-3.3144,-1.165,2.6167,0.16032,2.0016,2.6035,0.1872,1.1916,-1.1223,0.43735,4
-1.0807,0.82553,-0.57693,-1.9247,0.14402,0.6024,-0.43414,0.11861,-1.7759,0.15474,4
1.4998,-3.9819,1.0411,2.6482,2.2303,0.45889,-0.46096,0.76081,-0.096832,0.98502,4
-2.3757,0.19638,-0.99396,-0.33067,-0.7998,1.642,-2.5512,-1.16,-0.55032,0.043351,4
-1.2638,1.6092,-3.9026,1.1235,-1.2341,0.30629,-1.5557,0.5031,1.1062,-0.40076,4
0.70974,-1.1591,0.40325,4.3664,0.43399,3.6774,1.9829,0.40405,-1.75,0.38002,4
-1.5313,2.0567,0.4248,-0.74938,1.9265,-0.29043,-0.90138,1.6298,-0.6909,0.79268,4
1.7684,-0.73752,-1.1359,4.799,-0.42864,0.65013,-0.042072,0.54166,-0.67285,0.85421,4
-2.7238,2.6361,-1.6142,-0.9295,0.43881,-0.55021,0.022268,1.432,0.14437,-0.18448,4
-2.7915,1.6262,0.58169,-0.68606,-0.34432,-0.25308,-2.0684,0.11748,-0.096072,0.81173,4
-0.90432,-2.6968,0.53707,-2.6626,-0.19469,1.4704,-0.13029,0.18123,-0.74821,0.40955,4
-4.1124,1.9201,1.5597,2.229,-2.1551,0.98628,-1.2141,1.0895,0.24379,0.88085,4
-0.97665,1.9268,-3.9517,-0.15524,-1.8729,-0.39305,-0.90553,1.1536,0.9186,0.55266,4
0.86707,0.79887,-1.6207,2.2629,0.65127,-1.5816,0.64852,2.1879,-1.5216,0.13098,4
4.0213,2.0841,0.38587,3.6362,0.65022,-0.67003,1.2884,2.4798,-1.0792,0.11968,4
0.62451,0.022362,-1.8209,4.0285,1.6964,0.5397,0.2607,0.89735,0.083108,0.93865,4
0.57164,0.84145,-0.92885,2.9321,1.2023,0.19327,-1.2418,0.53287,-0.47391,1.1092,4
-1.89,0.61473,-0.32152,1.4041,0.48394,0.88893,-0.59665,0.31584,-0.76728,0.68346,4
-1.9297,1.5514,2.2144,1.6133,-2.1497,1.4096,-1.1872,1.4916,-0.061736,-1.0194,4
0.13329,1.0886,-0.82217,2.4267,1.5035,0.20561,-0.46279,1.248,0.16547,2.196,4
5.9454,2,-1.5272,-1.5903,-0.82522,-0.15851,-0.64922,0.77933,1.1774,1.5796,4
-0.78238,0.62506,-2.2464,-1.7776,2.9037,0.47662,-1.0739,0.3477,-1.2523,0.65603,4
-1.0465,0.87401,-3.2466,-2.1154,-1.1981,-0.3999,-0.027089,1.8597,0.63928,0.90427,4
-1.6145,0.65983,-0.62139,-1.2911,-0.14999,0.99902,-1.4308,0.069282,-0.96529,0.68682,4
-1.3258,0.58883,-0.79008,-1.501,0.038434,0.84178,-1.5489,-0.14125,-1.1889,0.93868,4
-0.21825,-2.5535,0.51836,-0.91575,-0.56828,0.91786,0.81766,0.88571,-0.15845,1.5431,4
-2.9286,2.7138,-1.0183,-0.94778,-1.3484,-0.30982,0.56099,0.8415,1.2823,1.0205,4
-2.2293,1.7804,-1.9148,-1.4629,0.66427,-0.21735,-0.58331,0.94346,-0.41507,1.2565,4
1.1715,2.6902,4.4167,2.0486,-2.1683,0.084781,-3.072,-1.4639,-0.96781,3.0054,4
1.2599,-0.10276,-0.71108,3.6196,0.09056,0.74307,1.2465,1.5702,-0.40883,1.1775,4
-2.4449,1.5943,0.53075,-0.42532,-0.2865,-0.71081,-1.9296,0.16922,-0.25164,0.81439,4
3.8742,0.32334,-4.2007,0.6614,-0.99722,-0.10433,-0.78912,0.5261,1.1786,1.6097,4
-2.5746,1.875,2.5692,2.6226,-2.2988,1.1714,-0.94681,1.7102,-0.094607,-0.69891,4
